EPSG_UTM_x,EPSG_UTM_y,Day,soil_moisture,err_low,err_high633742.2079,5741065.818,20220327,0.26870625,-0.0264875,0.0298375
633694.9659,5741026.54,20220327,0.27261,-0.02075,0.022775
633652.0085,5740981.625,20220327,0.27655625,-0.0171125,0.018425
633613.7622,5740928.489,20220327,0.280341071,-0.01545,0.0165375
633582.4129,5740874.797,20220327,0.287498214,-0.0149,0.015925
633561.7738,5740821.015,20220327,0.293398214,-0.0146875,0.015675
633549.4188,5740766.524,20220327,0.298035714,-0.0142875,0.01525
633546.4705,5740713.221,20220327,0.301191071,-0.0141625,0.0151125
633551.2314,5740659.565,20220327,0.303057143,-0.014475,0.0154875
633564.4115,5740604.834,20220327,0.30124049,-0.013975,0.0148625
633585.2617,5740556.043,20220327,0.300587592,-0.014075,0.014975
633604.8646,5740510.572,20220327,0.299892816,-0.0143625,0.015275
633623.331,5740464.515,20220327,0.299501265,-0.0152625,0.0163
633645.6217,5740417.434,20220327,0.299773102,-0.0151875,0.0162
633668.2087,5740368.504,20220327,0.301175143,-0.01585,0.0169625
633698.4458,5740320.899,20220327,0.303755898,-0.016675,0.0179
633738.0597,5740271.32,20220327,0.307190816,-0.018625,0.0201625
633796.6934,5740237.092,20220327,0.311406347,-0.0192625,0.0209375
633861.9939,5740203.038,20220327,0.316037857,-0.0189125,0.0205125
633925.6522,5740170.228,20220327,0.320802,-0.0197875,0.02155
633975.6553,5740132.243,20220327,0.32555798,-0.0191625,0.0207875
634011.4138,5740089.058,20220327,0.330179776,-0.0202375,0.0221
634032.4444,5740046.578,20220327,0.334292776,-0.0205625,0.02245
634048.5801,5740006.578,20220327,0.33805398,-0.0199625,0.021725
634058.8253,5739966.986,20220327,0.341765306,-0.0204625,0.0223625
634064.8991,5739929.313,20220327,0.345060224,-0.02105,0.0229875
634068.824,5739902.518,20220327,0.348997898,-0.0205,0.0223375
634069.8749,5739872.133,20220327,0.352990122,-0.020025,0.0217875
634064.1315,5739845.641,20220327,0.356522531,-0.01995,0.0216875
634059.8658,5739824.573,20220327,0.360692796,-0.0208375,0.0227875
634051.0518,5739801.696,20220327,0.36444649,-0.0197125,0.0214125
634037.1389,5739775.558,20220327,0.368518857,-0.020475,0.022325
634019.6965,5739748.384,20220327,0.372744673,-0.0195875,0.021275
634000.3416,5739719.3,20220327,0.388510714,-0.0200875,0.021825
633977.0626,5739695.118,20220327,0.391716071,-0.0198,0.0214875
633956.1785,5739676.197,20220327,0.395271429,-0.0209125,0.0228
633933.0125,5739660.935,20220327,0.398785714,-0.02005,0.021775
633906.023,5739646.676,20220327,0.402535714,-0.0213875,0.02335
633879.3805,5739632.251,20220327,0.406101786,-0.0212375,0.023175
633850.6572,5739618.3,20220327,0.4098125,-0.0221625,0.0242625
633816.2437,5739610.35,20220327,0.413157143,-0.022125,0.0241875
633776.2796,5739608.164,20220327,0.400536694,-0.0233875,0.025725
633734.7307,5739609.475,20220327,0.402195714,-0.0223625,0.0244625
633699.3892,5739610.942,20220327,0.403608714,-0.0229,0.0250875
633666.7539,5739618.614,20220327,0.405403102,-0.0235125,0.025825
633637.6311,5739628.221,20220327,0.421975,-0.023675,0.026025
633610.1571,5739644.931,20220327,0.423957143,-0.02325,0.0255125
633583.549,5739663.697,20220327,0.425723214,-0.0237875,0.0261625
633557.6656,5739686.006,20220327,0.428382143,-0.0242875,0.026725
633533.6339,5739711.702,20220327,0.4332,-0.0243625,0.0268375
633516.5555,5739731.101,20220327,0.437328571,-0.0234375,0.0257125
633500.515,5739750.323,20220327,0.442075,-0.0244125,0.026875
633479.9778,5739770.37,20220327,0.431875517,-0.0231875,0.02545
633456.838,5739788.498,20220327,0.435513184,-0.02445,0.0269625
633433.27,5739805.849,20220327,0.439036796,-0.02335,0.02565
633408.969,5739819.858,20220327,0.458238265,-0.022725,0.025
633384.5149,5739831.268,20220327,0.444364741,-0.021625,0.0237375
633364.8843,5739834.643,20220327,0.446598503,-0.020525,0.0224375
633348.7945,5739838.293,20220327,0.447994864,-0.01905,0.020725
633333.2355,5739839.743,20220327,0.449912762,-0.0187625,0.0204125
633314.576,5739840.916,20220327,0.450399959,-0.0187375,0.0203875
633295.431,5739843.19,20220327,0.450713878,-0.018275,0.0198875
633266.7742,5739843.911,20220327,0.450147184,-0.019275,0.0210625
633231.619,5739846.686,20220327,0.449245469,-0.0187625,0.0204875
633198.153,5739842.457,20220327,0.447712327,-0.0188,0.020525
633169.7059,5739835.412,20220327,0.44529449,-0.018225,0.01985
633142.6886,5739822.072,20220327,0.441672898,-0.0178875,0.0194625
633116.6391,5739807.102,20220327,0.438206265,-0.0178875,0.019425
633088.5879,5739802.104,20220327,0.433778735,-0.019275,0.0210875
633061.9536,5739804.74,20220327,0.429628265,-0.0187125,0.0204
633042.6621,5739799.393,20220327,0.424953327,-0.018525,0.02015
633025.1905,5739798.934,20220327,0.420022122,-0.0195875,0.021475
633008.7853,5739806.113,20220327,0.414943204,-0.0197,0.0215625
632991.3242,5739805.644,20220327,0.410264347,-0.019675,0.02155
632974.7101,5739812.065,20220327,0.405070959,-0.020275,0.0222625
632955.6133,5739816.572,20220327,0.400300429,-0.0188625,0.02055
632933.5197,5739825.818,20220327,0.395217469,-0.0199625,0.0219
632914.912,5739838.13,20220327,0.39041902,-0.01895,0.020675
632897.905,5739841.942,20220327,0.385436163,-0.019575,0.021425
632883.8789,5739846.017,20220327,0.380769694,-0.0201,0.02205
632865.4236,5739848.309,20220327,0.375916204,-0.0204,0.0224
632845.3943,5739853.348,20220327,0.370693714,-0.0191875,0.0209375
632827.101,5739866.774,20220327,0.364743714,-0.019925,0.0218375
632806.9146,5739882.192,20220327,0.35872051,-0.020225,0.0221875
632784.7716,5739897.74,20220327,0.351827204,-0.019275,0.0210625
632763.241,5739915.915,20220327,0.344713449,-0.0202,0.0221375
632743.5128,5739927.25,20220327,0.337644959,-0.020125,0.022075
632722.9815,5739942.294,20220327,0.330898327,-0.0196875,0.02155
632704.0118,5739951.249,20220327,0.324784857,-0.020275,0.0222125
632687.2518,5739958.784,20220327,0.319727694,-0.020825,0.0228375
632671.9659,5739962.837,20220327,0.315279796,-0.0202125,0.022125
632655.4339,5739970.182,20220327,0.312225816,-0.0217,0.023875
632644.166,5739974.34,20220327,0.309947673,-0.0206875,0.0226625
632634.9222,5739971.869,20220327,0.308105143,-0.021225,0.0233
632627.6382,5739964.815,20220327,0.306586163,-0.022325,0.0245875
632621.2424,5739963.16,20220327,0.305800306,-0.0207375,0.0226625
632615.7755,5739965.437,20220327,0.304944061,-0.0219875,0.0241125
632613.8242,5739965.196,20220327,0.304495816,-0.021025,0.0229375
632613.7787,5739962.413,20220327,0.304000306,-0.022725,0.02495
632610.6089,5739960.661,20220327,0.303787224,-0.022525,0.0246625
632614.0393,5739961.673,20220327,0.303733224,-0.02335,0.0256125
632617.0307,5739961.196,20220327,0.303626306,-0.0249375,0.0275
632616.8926,5739962.121,20220327,0.30335902,-0.0240125,0.0263625
632614.7849,5739963.735,20220327,0.303234408,-0.0234125,0.02565
632614.0716,5739968.909,20220327,0.302873673,-0.024425,0.026875
632612.9602,5739971.845,20220327,0.302496796,-0.0244375,0.0268875
632611.744,5739974.406,20220327,0.302165918,-0.025475,0.0281
632611.5389,5739977.93,20220327,0.301777857,-0.026175,0.02885
632612.2464,5739977.029,20220327,0.301606612,-0.0257,0.0283375
632613.723,5739977.62,20220327,0.301252592,-0.025775,0.0284
632614.8719,5739982.28,20220327,0.300886041,-0.02665,0.0294625
632614.8074,5739988.951,20220327,0.300524367,-0.0278125,0.030825
632615.3352,5739995.086,20220327,0.300437143,-0.0285125,0.0316875
632613.8476,5739999.138,20220327,0.30105398,-0.0276375,0.0306125
632611.9782,5739995.939,20220327,0.302346816,-0.0286125,0.031775
632617.7925,5739993.487,20220327,0.30467149,-0.0299,0.0333375
632634.9789,5739987.26,20220327,0.30847502,-0.03055,0.034075
632655.8222,5739968.526,20220327,0.313681429,-0.0297875,0.03315
632681.6229,5739949.927,20220327,0.319906449,-0.032125,0.0359875
632706.0995,5739928.491,20220327,0.326719327,-0.032975,0.037025
632727.0289,5739915.685,20220327,0.333473327,-0.032425,0.036275
632746.5738,5739902.481,20220327,0.340066224,-0.0332,0.0372125
632763.6253,5739892.727,20220327,0.346032531,-0.034075,0.03835
632778.2113,5739884.773,20220327,0.35116649,-0.0333,0.0373625
632791.1081,5739883.823,20220327,0.355301245,-0.0343,0.038525
632801.2263,5739879.637,20220327,0.358536245,-0.034425,0.038725
632805.6259,5739874.364,20220327,0.360940122,-0.0333,0.03725
632810.0605,5739871.885,20220327,0.362842408,-0.0339,0.037975
632812.0862,5739869.347,20220327,0.364588551,-0.0339125,0.0380625
632813.2614,5739868.265,20220327,0.366245082,-0.03345,0.0373625
632819.9084,5739864.546,20220327,0.368389265,-0.033125,0.03695
632829.6359,5739857.943,20220327,0.370681061,-0.0329,0.03675
632840.4779,5739847.843,20220327,0.373526122,-0.0321875,0.035825
632853.4822,5739830.187,20220327,0.37706449,-0.0327,0.036425
632861.7933,5739815.941,20220327,0.38070549,-0.0322625,0.0359625
632870.5263,5739798.74,20220327,0.384603837,-0.0322625,0.0359875
632883.5525,5739784.437,20220327,0.388594143,-0.0327625,0.0366625
632891.2996,5739769.797,20220327,0.392264184,-0.03075,0.034125
632898.5261,5739748.842,20220327,0.396327347,-0.0323375,0.0362125
632910.1502,5739731.17,20220327,0.400399143,-0.03015,0.0334875
632918.6287,5739710.426,20220327,0.404264306,-0.02925,0.0324125
632920.2697,5739683.208,20220327,0.409018898,-0.0305,0.034025
632922.3348,5739657.107,20220327,0.414319551,-0.031225,0.035
632923.7041,5739636.001,20220327,0.420236755,-0.0289,0.0320625
632927.1507,5739610.127,20220327,0.426316633,-0.02875,0.0319875
632930.8658,5739582.594,20220327,0.432437755,-0.02585,0.028425
632937.6356,5739557.177,20220327,0.438536163,-0.0252875,0.0277625
632942.878,5739532.648,20220327,0.444937367,-0.022275,0.0241875
632947.606,5739514.782,20220327,0.450969143,-0.0177,0.0188625
632946.2673,5739496.016,20220327,0.456891429,-0.0150125,0.0158375
632947.333,5739473.046,20220327,0.462657939,-0.0138,0.014525
632948.4276,5739444.514,20220327,0.468424143,-0.0126625,0.0132625
632953.1521,5739413.85,20220327,0.473940102,-0.01195,0.0125
632956.9494,5739383.348,20220327,0.479192816,-0.01055,0.0109875
632960.2893,5739353.017,20220327,0.483976,-0.00995,0.0103625
632964.6788,5739325.872,20220327,0.488357388,-0.0092375,0.0096
632970.5633,5739294.495,20220327,0.491613735,-0.0087875,0.0091
632973.9744,5739265.839,20220327,0.494147102,-0.0085875,0.0088875
632971.7289,5739246.495,20220327,0.496359347,-0.00805,0.0083
632962.1866,5739224.539,20220327,0.49782302,-0.008025,0.0082875
632956.1019,5739206.578,20220327,0.505398214,-0.007925,0.0081875
632945.2544,5739186.43,20220327,0.503751786,-0.007825,0.008075
632937.3055,5739164.9,20220327,0.500567857,-0.0078,0.0080375
632930.1697,5739138.931,20220327,0.498025,-0.0075375,0.0077625
632920.1544,5739117.526,20220327,0.494964286,-0.007475,0.0077125
632909.3494,5739099.991,20220327,0.490233929,-0.00705,0.00725
632897.86,5739082.067,20220327,0.485880357,-0.0065125,0.0067
632885.965,5739062.086,20220327,0.481385714,-0.0061375,0.0063
632873.5333,5739040.802,20220327,0.475841071,-0.0055375,0.00565
632858.4119,5739020.928,20220327,0.470983929,-0.0049375,0.0050625
632846.0518,5739001.308,20220327,0.465707143,-0.0043125,0.004425
632836.2891,5738983.245,20220327,0.4600875,-0.003975,0.004025
632827.0649,5738966.686,20220327,0.455016071,-0.003975,0.0040625
632818.142,5738951.8,20220327,0.449223214,-0.0037375,0.0038
632809.0758,5738938.209,20220327,0.4443125,-0.0036875,0.00375
632800.3883,5738922.952,20220327,0.440123214,-0.003725,0.0037875
632792.7584,5738906.799,20220327,0.434839286,-0.0037375,0.0037875
632789.9068,5738893.183,20220327,0.4296875,-0.003775,0.0038375
632788.0087,5738877.556,20220327,0.425332143,-0.003725,0.0038125
632783.8574,5738860.755,20220327,0.421473214,-0.0037625,0.003825
632778.8762,5738844.671,20220327,0.417428571,-0.00375,0.0038375
632781.004,5738825.067,20220327,0.4133875,-0.0037625,0.00385
632786.05,5738812.597,20220327,0.409578571,-0.00375,0.0038375
632790.4805,5738805.845,20220327,0.406739286,-0.0038125,0.0038875
632792.0494,5738798.845,20220327,0.403807143,-0.0038,0.003875
632794.9984,5738791.863,20220327,0.400930357,-0.0038375,0.0039
632795.9216,5738782.805,20220327,0.3967625,-0.003825,0.0038875
632797.5282,5738765.411,20220327,0.392546429,-0.0038625,0.003925
632798.3197,5738744.481,20220327,0.386967857,-0.0038375,0.0039
632797.9359,5738715.158,20220327,0.381180357,-0.0037875,0.003875
632796.6324,5738681.924,20220327,0.374925,-0.00385,0.0039125
632794.5701,5738651.081,20220327,0.368353571,-0.0038125,0.003875
632794.4544,5738616.216,20220327,0.361523214,-0.003875,0.0039375
632795.5468,5738583.601,20220327,0.355278571,-0.0039125,0.0039875
632792.8079,5738552.18,20220327,0.349564286,-0.004075,0.00415
632788.3109,5738522.387,20220327,0.344233929,-0.0040625,0.00415
632776.4238,5738497.593,20220327,0.339398214,-0.004025,0.0040875
632761.7954,5738476.439,20220327,0.335408929,-0.0039625,0.004025
632748.1664,5738452.154,20220327,0.331596429,-0.0041,0.004175
632734.6039,5738426.01,20220327,0.328044643,-0.0043125,0.0043875
632720.1569,5738406.524,20220327,0.325669643,-0.004775,0.004875
632706.4447,5738389.85,20220327,0.323030357,-0.005125,0.0052375
632691.77,5738375.168,20220327,0.3215125,-0.005775,0.005925
632674.2287,5738359.877,20220327,0.320416071,-0.0063125,0.006475
632654.8872,5738342.861,20220327,0.319083929,-0.006975,0.0071875
632629.3513,5738329.753,20220327,0.31865,-0.00765,0.0078875
632606.2388,5738316.354,20220327,0.318432143,-0.00815,0.008425
632581.9256,5738309.029,20220327,0.318030357,-0.00875,0.00905
632559.6801,5738306.413,20220327,0.318314286,-0.0092,0.0095375
632541.0678,5738301.094,20220327,0.318471429,-0.00985,0.0102625
632522.2918,5738297.81,20220327,0.318817857,-0.010575,0.011
632499.8369,5738294.444,20220327,0.319391071,-0.0115625,0.012075
632469.6587,5738287.158,20220327,0.319551786,-0.0133625,0.01405
632433.8639,5738278.981,20220327,0.319758929,-0.01445,0.0152125
632405.4402,5738275.259,20220327,0.319951786,-0.01655,0.017575
632377.5398,5738268.787,20220327,0.319235714,-0.018575,0.019875
632350.5319,5738263.243,20220327,0.318280357,-0.0248375,0.0273875
632324.1637,5738260.146,20220327,0.316601786,-0.0259375,0.028675
632291.2012,5738253.897,20220327,0.314558929,-0.027375,0.0304
632248.544,5738239.603,20220327,0.312573214,-0.026242857,0.028928571
632201.411,5738225.386,20220327,0.3103625,-0.030814286,0.034585714
632159.0276,5738201.278,20220327,0.308817857,-0.028628571,0.031828571
632115.8698,5738166.572,20220327,0.308860714,-0.031471429,0.035371429
632078.9096,5738124.236,20220327,0.309594643,-0.031,0.034728571
632045.1015,5738079.949,20220327,0.311485714,-0.030957143,0.034642857
632010.203,5738033.226,20220327,0.3144375,-0.0308,0.034428571
631974.7555,5737985.74,20220327,0.318416071,-0.031571429,0.0354
631938.1968,5737936.567,20220327,0.323955357,-0.032157143,0.036185714
631900.7499,5737885.876,20220327,0.330342857,-0.0309,0.034442857
631861.6837,5737831.257,20220327,0.337680357,-0.031757143,0.035642857
631822.0277,5737777.354,20220327,0.346339286,-0.032428571,0.036542857
631780.4191,5737727.863,20220327,0.356075,-0.031528571,0.035457143
631739.5951,5737678.755,20220327,0.365516071,-0.029542857,0.032871429
631700.9117,5737631.366,20220327,0.374698214,-0.030942857,0.034757143
631667.1313,5737590.052,20220327,0.382583929,-0.0360625,0.0423125
631641.4451,5737551.913,20220327,0.389448214,-0.0344,0.0402625
631621.6459,5737517.088,20220327,0.393946429,-0.0326,0.0370375
631604.6309,5737485.849,20220327,0.396998214,-0.0296,0.0332875
631591.766,5737454.181,20220327,0.38727398,-0.030375,0.0343625
631580.4983,5737423.09,20220327,0.386864061,-0.027975,0.03125
631568.4408,5737391.255,20220327,0.385638,-0.0272625,0.030375
631560.4885,5737356.918,20220327,0.383852279,-0.026775,0.029725
631552.9626,5737327.781,20220327,0.381629449,-0.027625,0.0309
631545.4054,5737300.134,20220327,0.379264272,-0.0270875,0.0302375
631538.0349,5737273.785,20220327,0.376521109,-0.0278875,0.0312625
631532.0743,5737242.111,20220327,0.373789531,-0.02855,0.0320625
631522.0273,5737212.721,20220327,0.370924959,-0.0291375,0.0327875
631508.8327,5737184.932,20220327,0.367820429,-0.0289875,0.032625
631492.693,5737159.653,20220327,0.364901898,-0.0285125,0.0320375
631477.3646,5737134.598,20220327,0.361755163,-0.0288,0.03235
631457.4291,5737113.295,20220327,0.358695469,-0.0277,0.031025
631433.7149,5737091.907,20220327,0.355495939,-0.028175,0.031575
631407.444,5737071.374,20220327,0.352393082,-0.0252125,0.0279125
631379.8242,5737053.958,20220327,0.349456714,-0.026775,0.0299375
631354.2472,5737037.716,20220327,0.347129918,-0.027475,0.030775
631327.4238,5737024.775,20220327,0.344518653,-0.0257375,0.028675
631300.2555,5737012.191,20220327,0.342633184,-0.0263625,0.0294
631273.6106,5736996.856,20220327,0.340703347,-0.0252625,0.0281125
631245.4439,5736982.759,20220327,0.338951082,-0.0263375,0.0294125
631217.4097,5736968.117,20220327,0.337768571,-0.024275,0.026875
631192.7777,5736955.416,20220327,0.336259184,-0.0250875,0.027925
631169.6474,5736942.207,20220327,0.334640714,-0.025825,0.0288125
631147.8848,5736924.942,20220327,0.333328347,-0.0234625,0.0259625
631123.9043,5736909.296,20220327,0.331746673,-0.024925,0.02795
631102.1004,5736893.52,20220327,0.330566531,-0.0224,0.02475
631081.3102,5736878.887,20220327,0.329658327,-0.022325,0.0246875
631062.3387,5736865.038,20220327,0.328548449,-0.021475,0.0236875
631042.7844,5736851.736,20220327,0.327981041,-0.0211125,0.0232125
631022.781,5736837.675,20220327,0.327739041,-0.0206375,0.02265
630999.2787,5736821.109,20220327,0.327725673,-0.020475,0.0225125
630972.0397,5736802.217,20220327,0.328155918,-0.0197625,0.0216875
630937.7816,5736779.074,20220327,0.328660082,-0.019475,0.0213375
630896.6123,5736751.485,20220327,0.329112082,-0.0186875,0.0204625
630854.3221,5736722.929,20220327,0.329549694,-0.0181375,0.019775
630812.6087,5736694.216,20220327,0.329554,-0.018725,0.0204625
630770.4741,5736663.825,20220327,0.329129,-0.0180625,0.019675
630727.3311,5736632.653,20220327,0.328394327,-0.0192375,0.021075
630679.8812,5736603.044,20220327,0.327373673,-0.0179,0.019475
630629.9397,5736580.977,20220327,0.326627184,-0.01915,0.0209875
630578.2814,5736562.941,20220327,0.326195408,-0.0189375,0.0207625
630526.5938,5736550.478,20220327,0.327730357,-0.018675,0.0204125
630477.4194,5736543.081,20220327,0.3268375,-0.01885,0.020675
630427.8165,5736530.294,20220327,0.327601786,-0.0192875,0.0212375
630379.9309,5736530.724,20220327,0.330064286,-0.01855,0.020325
630334.2497,5736530.835,20220327,0.333805357,-0.017275,0.018825
630287.8339,5736523.512,20220327,0.337946429,-0.0169,0.0184625
630238.8056,5736510.378,20220327,0.3400625,-0.0156375,0.0169875
630190.6751,5736489.286,20220327,0.339344714,-0.01435,0.0154875
630141.2685,5736459.817,20220327,0.340943286,-0.0128875,0.013825
633742.2079,5741065.818,20220328,0.290887357,-0.023171429,0.025728571
633694.9659,5741026.54,20220328,0.291793829,-0.019014286,0.0207
633652.0085,5740981.625,20220328,0.292814714,-0.016757143,0.018028571
633613.7622,5740928.489,20220328,0.293590449,-0.015928571,0.017085714
633582.4129,5740874.797,20220328,0.294597265,-0.014885714,0.015928571
633561.7738,5740821.015,20220328,0.295348816,-0.014657143,0.015628571
633549.4188,5740766.524,20220328,0.295878245,-0.014171429,0.015114286
633546.4705,5740713.221,20220328,0.295890939,-0.013414286,0.014242857
633551.2314,5740659.565,20220328,0.295385592,-0.012371429,0.0131
633564.4115,5740604.834,20220328,0.294478694,-0.011928571,0.012585714
633585.2617,5740556.043,20220328,0.293431918,-0.011428571,0.012057143
633604.8646,5740510.572,20220328,0.292331265,-0.011471429,0.012085714
633623.331,5740464.515,20220328,0.291643143,-0.011585714,0.012228571
633645.6217,5740417.434,20220328,0.291646327,-0.011785714,0.012428571
633668.2087,5740368.504,20220328,0.292770367,-0.012357143,0.0131
633698.4458,5740320.899,20220328,0.295097184,-0.012785714,0.0136
633738.0597,5740271.32,20220328,0.304691837,-0.012671429,0.013471429
633796.6934,5740237.092,20220328,0.308789796,-0.012628571,0.013371429
633861.9939,5740203.038,20220328,0.314195918,-0.012471429,0.0132
633925.6522,5740170.228,20220328,0.319816327,-0.013385714,0.014257143
633975.6553,5740132.243,20220328,0.314889796,-0.013028571,0.013857143
634011.4138,5740089.058,20220328,0.318638898,-0.013271429,0.014128571
634032.4444,5740046.578,20220328,0.321675102,-0.013742857,0.014657143
634048.5801,5740006.578,20220328,0.324339143,-0.014014286,0.014971429
634058.8253,5739966.986,20220328,0.326926367,-0.013771429,0.014657143
634064.8991,5739929.313,20220328,0.329475143,-0.014485714,0.0155
634068.824,5739902.518,20220328,0.332624327,-0.013914286,0.014828571
634069.8749,5739872.133,20220328,0.335885306,-0.0147,0.015757143
634064.1315,5739845.641,20220328,0.339274,-0.013971429,0.0149
634059.8658,5739824.573,20220328,0.34314902,-0.0146,0.015628571
634051.0518,5739801.696,20220328,0.347097592,-0.014028571,0.014957143
634037.1389,5739775.558,20220328,0.351456898,-0.014671429,0.015714286
634019.6965,5739748.384,20220328,0.355814408,-0.014214286,0.015171429
634000.3416,5739719.3,20220328,0.359865469,-0.014485714,0.015514286
633977.0626,5739695.118,20220328,0.364059551,-0.014442857,0.015457143
633956.1785,5739676.197,20220328,0.367911469,-0.015057143,0.016128571
633933.0125,5739660.935,20220328,0.371138286,-0.015014286,0.016085714
633906.023,5739646.676,20220328,0.374297265,-0.015671429,0.016785714
633879.3805,5739632.251,20220328,0.376588449,-0.0154,0.016485714
633850.6572,5739618.3,20220328,0.378584,-0.016257143,0.017442857
633816.2437,5739610.35,20220328,0.380479388,-0.015828571,0.016928571
633776.2796,5739608.164,20220328,0.382067959,-0.0163,0.017457143
633734.7307,5739609.475,20220328,0.383805673,-0.015771429,0.016842857
633699.3892,5739610.942,20220328,0.385662939,-0.015942857,0.017
633666.7539,5739618.614,20220328,0.387743143,-0.0165,0.017642857
633637.6311,5739628.221,20220328,0.390237211,-0.016314286,0.017414286
633610.1571,5739644.931,20220328,0.393583524,-0.016914286,0.018085714
633583.549,5739663.697,20220328,0.397149565,-0.016785714,0.017928571
633557.6656,5739686.006,20220328,0.400849605,-0.0183,0.019685714
633533.6339,5739711.702,20220328,0.404784163,-0.017457143,0.018671429
633516.5555,5739731.101,20220328,0.408753946,-0.0192,0.020728571
633500.515,5739750.323,20220328,0.412674735,-0.019857143,0.0215
633479.9778,5739770.37,20220328,0.416373279,-0.020642857,0.022342857
633456.838,5739788.498,20220328,0.420075551,-0.021014286,0.022814286
633433.27,5739805.849,20220328,0.422977265,-0.023571429,0.025914286
633408.969,5739819.858,20220328,0.425750367,-0.024228571,0.026728571
633384.5149,5739831.268,20220328,0.428192585,-0.024214286,0.026714286
633364.8843,5739834.643,20220328,0.430348109,-0.023028571,0.025242857
633348.7945,5739838.293,20220328,0.431866952,-0.022642857,0.024742857
633333.2355,5739839.743,20220328,0.433354014,-0.022757143,0.024957143
633314.576,5739840.916,20220328,0.433361551,-0.022285714,0.0244
633295.431,5739843.19,20220328,0.433749673,-0.023514286,0.025857143
633266.7742,5739843.911,20220328,0.433021265,-0.023271429,0.025542857
633231.619,5739846.686,20220328,0.431852163,-0.023771429,0.026128571
633198.153,5739842.457,20220328,0.429911224,-0.024557143,0.027042857
633169.7059,5739835.412,20220328,0.426511837,-0.0246,0.0271
633142.6886,5739822.072,20220328,0.422241224,-0.025914286,0.0287
633116.6391,5739807.102,20220328,0.417384898,-0.025385714,0.028028571
633088.5879,5739802.104,20220328,0.411625796,-0.025071429,0.027571429
633061.9536,5739804.74,20220328,0.406202531,-0.026871429,0.029828571
633042.6621,5739799.393,20220328,0.400142857,-0.025285714,0.027914286
633025.1905,5739798.934,20220328,0.389781633,-0.026257143,0.0291
633008.7853,5739806.113,20220328,0.380983673,-0.024457143,0.026842857
632991.3242,5739805.644,20220328,0.372361224,-0.026142857,0.0289
632974.7101,5739812.065,20220328,0.365744898,-0.0246,0.027028571
632955.6133,5739816.572,20220328,0.359997959,-0.025628571,0.028314286
632933.5197,5739825.818,20220328,0.355004082,-0.024757143,0.027214286
632914.912,5739838.13,20220328,0.351240816,-0.025157143,0.027714286
632897.905,5739841.942,20220328,0.348132653,-0.025771429,0.028428571
632883.8789,5739846.017,20220328,0.345618367,-0.024328571,0.026685714
632865.4236,5739848.309,20220328,0.343265306,-0.025142857,0.027614286
632845.3943,5739853.348,20220328,0.340753061,-0.025714286,0.028428571
632827.101,5739866.774,20220328,0.337571429,-0.024785714,0.027214286
632806.9146,5739882.192,20220328,0.333938776,-0.0248,0.027185714
632784.7716,5739897.74,20220328,0.329214286,-0.026114286,0.028771429
632763.241,5739915.915,20220328,0.324140816,-0.024457143,0.026785714
632743.5128,5739927.25,20220328,0.319085714,-0.024914286,0.027342857
632722.9815,5739942.294,20220328,0.314461224,-0.025785714,0.028357143
632704.0118,5739951.249,20220328,0.309438776,-0.025057143,0.027457143
632687.2518,5739958.784,20220328,0.305306122,-0.025728571,0.028271429
632671.9659,5739962.837,20220328,0.301467347,-0.0257,0.0282
632655.4339,5739970.182,20220328,0.298897959,-0.026228571,0.028857143
632644.166,5739974.34,20220328,0.297140816,-0.0254,0.027828571
632634.9222,5739971.869,20220328,0.295461224,-0.026628571,0.029285714
632627.6382,5739964.815,20220328,0.293622449,-0.026885714,0.029542857
632621.2424,5739963.16,20220328,0.292908163,-0.027485714,0.0303
632615.7755,5739965.437,20220328,0.291955102,-0.028357143,0.0313
632613.8242,5739965.196,20220328,0.291640816,-0.027971429,0.030742857
632613.7787,5739962.413,20220328,0.291379592,-0.030085714,0.033285714
632610.6089,5739960.661,20220328,0.291057143,-0.029214286,0.0322
632614.0393,5739961.673,20220328,0.291085714,-0.031942857,0.035514286
632617.0307,5739961.196,20220328,0.291061224,-0.029671429,0.0327
632616.8926,5739962.121,20220328,0.290883673,-0.031028571,0.034257143
632614.7849,5739963.735,20220328,0.290818367,-0.031528571,0.0349
632614.0716,5739968.909,20220328,0.290618367,-0.032042857,0.035514286
632612.9602,5739971.845,20220328,0.290304082,-0.032042857,0.035514286
632611.744,5739974.406,20220328,0.289957143,-0.033614286,0.037471429
632611.5389,5739977.93,20220328,0.289681633,-0.031285714,0.034571429
632612.2464,5739977.029,20220328,0.289787755,-0.032471429,0.035928571
632613.723,5739977.62,20220328,0.289636735,-0.032885714,0.036485714
632614.8719,5739982.28,20220328,0.289422449,-0.033571429,0.037357143
632614.8074,5739988.951,20220328,0.289169388,-0.033542857,0.037328571
632615.3352,5739995.086,20220328,0.2892,-0.032542857,0.036028571
632613.8476,5739999.138,20220328,0.289789796,-0.0323,0.035757143
632611.9782,5739995.939,20220328,0.290846939,-0.033885714,0.037714286
632617.7925,5739993.487,20220328,0.292614286,-0.032942857,0.036628571
632634.9789,5739987.26,20220328,0.295783673,-0.031885714,0.035271429
632655.8222,5739968.526,20220328,0.299969388,-0.0336,0.037471429
632681.6229,5739949.927,20220328,0.304953061,-0.034528571,0.038757143
632706.0995,5739928.491,20220328,0.310410204,-0.031,0.034242857
632727.0289,5739915.685,20220328,0.315728571,-0.032457143,0.036128571
632746.5738,5739902.481,20220328,0.320757143,-0.032614286,0.036471429
632763.6253,5739892.727,20220328,0.325393878,-0.029071429,0.032014286
632778.2113,5739884.773,20220328,0.329146939,-0.029128571,0.032128571
632791.1081,5739883.823,20220328,0.332244898,-0.029357143,0.032457143
632801.2263,5739879.637,20220328,0.334555102,-0.026685714,0.0292
632805.6259,5739874.364,20220328,0.336018367,-0.025385714,0.027614286
632810.0605,5739871.885,20220328,0.337208163,-0.024928571,0.027142857
632812.0862,5739869.347,20220328,0.338344898,-0.0247,0.026785714
632813.2614,5739868.265,20220328,0.339291837,-0.023657143,0.025585714
632819.9084,5739864.546,20220328,0.340483673,-0.023028571,0.024828571
632829.6359,5739857.943,20220328,0.341340816,-0.022628571,0.024414286
632840.4779,5739847.843,20220328,0.342385714,-0.022542857,0.0243
632853.4822,5739830.187,20220328,0.343834694,-0.021214286,0.022785714
632861.7933,5739815.941,20220328,0.345302041,-0.020571429,0.0221
632870.5263,5739798.74,20220328,0.347040816,-0.019985714,0.021414286
632883.5525,5739784.437,20220328,0.348734694,-0.019228571,0.020585714
632891.2996,5739769.797,20220328,0.350393878,-0.017942857,0.0191
632898.5261,5739748.842,20220328,0.353063265,-0.017871429,0.019028571
632910.1502,5739731.17,20220328,0.356097959,-0.017442857,0.018585714
632918.6287,5739710.426,20220328,0.359965306,-0.017585714,0.018757143
632920.2697,5739683.208,20220328,0.3645,-0.0164,0.017414286
632922.3348,5739657.107,20220328,0.370289796,-0.016342857,0.017414286
632923.7041,5739636.001,20220328,0.376863265,-0.015742857,0.016714286
632927.1507,5739610.127,20220328,0.384530612,-0.015114286,0.016042857
632930.8658,5739582.594,20220328,0.392902041,-0.0148,0.015685714
632937.6356,5739557.177,20220328,0.401165306,-0.013671429,0.014471429
632942.878,5739532.648,20220328,0.409630612,-0.013571429,0.014342857
632947.606,5739514.782,20220328,0.418383673,-0.011171429,0.011685714
632946.2673,5739496.016,20220328,0.427173469,-0.010171429,0.010585714
632947.333,5739473.046,20220328,0.436226531,-0.0092,0.009571429
632948.4276,5739444.514,20220328,0.444983673,-0.0088,0.009114286
632953.1521,5739413.85,20220328,0.453116327,-0.008757143,0.009071429
632956.9494,5739383.348,20220328,0.461991837,-0.008028571,0.008314286
632960.2893,5739353.017,20220328,0.470483673,-0.007728571,0.007971429
632964.6788,5739325.872,20220328,0.478193878,-0.007414286,0.007628571
632970.5633,5739294.495,20220328,0.48497551,-0.007114286,0.007328571
632973.9744,5739265.839,20220328,0.491081633,-0.006942857,0.007142857
632971.7289,5739246.495,20220328,0.496757143,-0.006428571,0.006614286
632962.1866,5739224.539,20220328,0.501334694,-0.006257143,0.006442857
632956.1019,5739206.578,20220328,0.49318702,-0.006314286,0.0065
632945.2544,5739186.43,20220328,0.495040327,-0.006257143,0.006428571
632937.3055,5739164.9,20220328,0.496820245,-0.0061,0.0063
632930.1697,5739138.931,20220328,0.498313592,-0.005814286,0.005957143
632920.1544,5739117.526,20220328,0.500110041,-0.005642857,0.005757143
632909.3494,5739099.991,20220328,0.500972653,-0.005557143,0.005728571
632897.86,5739082.067,20220328,0.501439714,-0.005357143,0.005542857
632885.965,5739062.086,20220328,0.500893551,-0.004871429,0.004971429
632873.5333,5739040.802,20220328,0.500168735,-0.004385714,0.0045
632858.4119,5739020.928,20220328,0.498583306,-0.003971429,0.004042857
632846.0518,5739001.308,20220328,0.496872776,-0.0037,0.003771429
632836.2891,5738983.245,20220328,0.494034776,-0.0035,0.003542857
632827.0649,5738966.686,20220328,0.491008041,-0.003471429,0.003528571
632818.142,5738951.8,20220328,0.488030163,-0.0033,0.003357143
632809.0758,5738938.209,20220328,0.485099102,-0.003271429,0.003314286
632800.3883,5738922.952,20220328,0.48182551,-0.003271429,0.003314286
632792.7584,5738906.799,20220328,0.478717429,-0.003257143,0.003314286
632789.9068,5738893.183,20220328,0.475363918,-0.0033,0.003371429
632788.0087,5738877.556,20220328,0.471974204,-0.003285714,0.003357143
632783.8574,5738860.755,20220328,0.468912122,-0.0033,0.003357143
632778.8762,5738844.671,20220328,0.465926286,-0.003285714,0.003357143
632781.004,5738825.067,20220328,0.463040898,-0.003314286,0.003371429
632786.05,5738812.597,20220328,0.460645143,-0.003285714,0.003357143
632790.4805,5738805.845,20220328,0.458300408,-0.003314286,0.003371429
632792.0494,5738798.845,20220328,0.456022735,-0.0033,0.003385714
632794.9984,5738791.863,20220328,0.453816653,-0.003357143,0.003442857
632795.9216,5738782.805,20220328,0.45061898,-0.003385714,0.003442857
632797.5282,5738765.411,20220328,0.446884449,-0.003385714,0.003442857
632798.3197,5738744.481,20220328,0.442207143,-0.003371429,0.003442857
632797.9359,5738715.158,20220328,0.436469265,-0.003328571,0.0034
632796.6324,5738681.924,20220328,0.430026816,-0.003371429,0.003442857
632794.5701,5738651.081,20220328,0.423299673,-0.003328571,0.0034
632794.4544,5738616.216,20220328,0.416151143,-0.003342857,0.003428571
632795.5468,5738583.601,20220328,0.409716204,-0.003471429,0.003542857
632792.8079,5738552.18,20220328,0.403499265,-0.003428571,0.003471429
632788.3109,5738522.387,20220328,0.397966286,-0.003385714,0.003442857
632776.4238,5738497.593,20220328,0.392871633,-0.003457143,0.003514286
632761.7954,5738476.439,20220328,0.388530939,-0.003485714,0.003528571
632748.1664,5738452.154,20220328,0.384768898,-0.0037,0.003785714
632734.6039,5738426.01,20220328,0.381502367,-0.0037,0.003771429
632720.1569,5738406.524,20220328,0.378369184,-0.003871429,0.003957143
632706.4447,5738389.85,20220328,0.375835143,-0.004185714,0.004257143
632691.77,5738375.168,20220328,0.373259878,-0.004671429,0.004757143
632674.2287,5738359.877,20220328,0.371242408,-0.004914286,0.005028571
632654.8872,5738342.861,20220328,0.369320735,-0.005442857,0.005614286
632629.3513,5738329.753,20220328,0.367441265,-0.005842857,0.005985714
632606.2388,5738316.354,20220328,0.36584551,-0.006685714,0.006871429
632581.9256,5738309.029,20220328,0.364354939,-0.0072,0.0074
632559.6801,5738306.413,20220328,0.363014898,-0.0075,0.007742857
632541.0678,5738301.094,20220328,0.361690286,-0.0079,0.008185714
632522.2918,5738297.81,20220328,0.360508735,-0.008228571,0.0085
632499.8369,5738294.444,20220328,0.359297102,-0.008771429,0.009071429
632469.6587,5738287.158,20220328,0.358166204,-0.008971429,0.0093
632433.8639,5738278.981,20220328,0.356966367,-0.010285714,0.0107
632405.4402,5738275.259,20220328,0.355938612,-0.011528571,0.012085714
632377.5398,5738268.787,20220328,0.354802571,-0.0138,0.014614286
632350.5319,5738263.243,20220328,0.35385151,-0.018057143,0.019485714
632324.1637,5738260.146,20220328,0.353040082,-0.0199,0.021557143
632291.2012,5738253.897,20220328,0.35228702,-0.019957143,0.021571429
632248.544,5738239.603,20220328,0.351377755,-0.023442857,0.025642857
632201.411,5738225.386,20220328,0.350829673,-0.025528571,0.028157143
632159.0276,5738201.278,20220328,0.350228898,-0.027185714,0.030228571
632115.8698,5738166.572,20220328,0.349310327,-0.0287,0.031942857
632078.9096,5738124.236,20220328,0.348306571,-0.028042857,0.031185714
632045.1015,5738079.949,20220328,0.347132122,-0.0285,0.0316
632010.203,5738033.226,20220328,0.346615755,-0.028142857,0.031285714
631974.7555,5737985.74,20220328,0.346466014,-0.027685714,0.030585714
631938.1968,5737936.567,20220328,0.346925293,-0.028457143,0.031671429
631900.7499,5737885.876,20220328,0.348282354,-0.027228571,0.030128571
631861.6837,5737831.257,20220328,0.350678,-0.027042857,0.029871429
631822.0277,5737777.354,20220328,0.354175986,-0.028328571,0.031471429
631780.4191,5737727.863,20220328,0.358397401,-0.028385714,0.031614286
631739.5951,5737678.755,20220328,0.363010463,-0.0269,0.029742857
631700.9117,5737631.366,20220328,0.367521633,-0.026942857,0.029871429
631667.1313,5737590.052,20220328,0.371690571,-0.026142857,0.028828571
631641.4451,5737551.913,20220328,0.374951088,-0.025928571,0.028514286
631621.6459,5737517.088,20220328,0.377330735,-0.025242857,0.027714286
631604.6309,5737485.849,20220328,0.378913401,-0.025114286,0.027542857
631591.766,5737454.181,20220328,0.379381306,-0.0253,0.027828571
631580.4983,5737423.09,20220328,0.37892351,-0.024,0.026257143
631568.4408,5737391.255,20220328,0.378039061,-0.024814286,0.027328571
631560.4885,5737356.918,20220328,0.376449578,-0.023957143,0.026214286
631552.9626,5737327.781,20220328,0.374611184,-0.025257143,0.027885714
631545.4054,5737300.134,20220328,0.372499891,-0.024771429,0.027214286
631538.0349,5737273.785,20220328,0.370194503,-0.025685714,0.028428571
631532.0743,5737242.111,20220328,0.367784939,-0.024942857,0.027442857
631522.0273,5737212.721,20220328,0.365231347,-0.026185714,0.029
631508.8327,5737184.932,20220328,0.362354571,-0.025514286,0.028128571
631492.693,5737159.653,20220328,0.359583224,-0.026385714,0.029257143
631477.3646,5737134.598,20220328,0.356593102,-0.026557143,0.029428571
631457.4291,5737113.295,20220328,0.353629429,-0.0259,0.028642857
631433.7149,5737091.907,20220328,0.350294653,-0.026257143,0.029085714
631407.444,5737071.374,20220328,0.34694502,-0.0255,0.028157143
631379.8242,5737053.958,20220328,0.343749633,-0.025071429,0.0277
631354.2472,5737037.716,20220328,0.340814735,-0.0264,0.029314286
631327.4238,5737024.775,20220328,0.337681673,-0.023728571,0.0261
631300.2555,5737012.191,20220328,0.33481,-0.025457143,0.028214286
631273.6106,5736996.856,20220328,0.332031265,-0.021971429,0.024
631245.4439,5736982.759,20220328,0.329518612,-0.0231,0.025428571
631217.4097,5736968.117,20220328,0.317714286,-0.022957143,0.025257143
631192.7777,5736955.416,20220328,0.325219184,-0.020828571,0.022742857
631169.6474,5736942.207,20220328,0.313771429,-0.021371429,0.023414286
631147.8848,5736924.942,20220328,0.321273469,-0.019428571,0.021085714
631123.9043,5736909.296,20220328,0.319621224,-0.020528571,0.022428571
631102.1004,5736893.52,20220328,0.318230041,-0.019471429,0.021214286
631081.3102,5736878.887,20220328,0.317283347,-0.020085714,0.021971429
631062.3387,5736865.038,20220328,0.316217633,-0.0189,0.020542857
631042.7844,5736851.736,20220328,0.315677592,-0.019414286,0.021171429
631022.781,5736837.675,20220328,0.30595102,-0.019628571,0.021414286
630999.2787,5736821.109,20220328,0.30555102,-0.019971429,0.021871429
630972.0397,5736802.217,20220328,0.3055,-0.018128571,0.0197
630937.7816,5736779.074,20220328,0.3052,-0.017514286,0.019
630896.6123,5736751.485,20220328,0.305259184,-0.017128571,0.018585714
630854.3221,5736722.929,20220328,0.305728571,-0.016585714,0.017957143
630812.6087,5736694.216,20220328,0.306702041,-0.017171429,0.018642857
630770.4741,5736663.825,20220328,0.308081633,-0.017085714,0.018557143
630727.3311,5736632.653,20220328,0.310067347,-0.017671429,0.0192
630679.8812,5736603.044,20220328,0.312502041,-0.017828571,0.019385714
630629.9397,5736580.977,20220328,0.315661224,-0.018257143,0.019942857
630578.2814,5736562.941,20220328,0.319283673,-0.018085714,0.019742857
630526.5938,5736550.478,20220328,0.323157143,-0.017414286,0.018871429
630477.4194,5736543.081,20220328,0.32687551,-0.0176,0.0191
630427.8165,5736530.294,20220328,0.330873469,-0.017628571,0.019142857
630379.9309,5736530.724,20220328,0.331125061,-0.017257143,0.018771429
630334.2497,5736530.835,20220328,0.338053061,-0.016385714,0.017714286
630287.8339,5736523.512,20220328,0.334983633,-0.016071429,0.017342857
630238.8056,5736510.378,20220328,0.336075429,-0.015071429,0.0162
630190.6751,5736489.286,20220328,0.3371188,-0.014428571,0.015442857
630141.2685,5736459.817,20220328,0.33797,-0.013828571,0.014771429
633742.2079,5741065.818,20220329,0.28631,-0.02064,0.02264
633694.9659,5741026.54,20220329,0.287128,-0.0179,0.01942
633652.0085,5740981.625,20220329,0.288186667,-0.01542,0.01654
633613.7622,5740928.489,20220329,0.289245714,-0.01418,0.0151
633582.4129,5740874.797,20220329,0.290477143,-0.0137,0.01456
633561.7738,5740821.015,20220329,0.29202,-0.01334,0.01412
633549.4188,5740766.524,20220329,0.293657143,-0.01296,0.01374
633546.4705,5740713.221,20220329,0.289856095,-0.01234,0.01304
633551.2314,5740659.565,20220329,0.289822599,-0.013,0.01378
633564.4115,5740604.834,20220329,0.289380469,-0.01314,0.01394
633585.2617,5740556.043,20220329,0.288982129,-0.01316,0.01398
633604.8646,5740510.572,20220329,0.288531653,-0.01304,0.0138
633623.331,5740464.515,20220329,0.288528694,-0.01266,0.01338
633645.6217,5740417.434,20220329,0.289197952,-0.01256,0.01326
633668.2087,5740368.504,20220329,0.291001272,-0.01242,0.01312
633698.4458,5740320.899,20220329,0.293872653,-0.01222,0.0129
633738.0597,5740271.32,20220329,0.297532415,-0.01224,0.01294
633796.6934,5740237.092,20220329,0.30135251,-0.0127,0.01346
633861.9939,5740203.038,20220329,0.305332245,-0.01244,0.01318
633925.6522,5740170.228,20220329,0.30907483,-0.01228,0.01302
633975.6553,5740132.243,20220329,0.312479299,-0.01334,0.01418
634011.4138,5740089.058,20220329,0.315088531,-0.01268,0.01348
634032.4444,5740046.578,20220329,0.31677702,-0.01304,0.01386
634048.5801,5740006.578,20220329,0.318105361,-0.0133,0.01416
634058.8253,5739966.986,20220329,0.319562769,-0.0135,0.0144
634064.8991,5739929.313,20220329,0.321249653,-0.01322,0.01406
634068.824,5739902.518,20220329,0.323309224,-0.01438,0.01536
634069.8749,5739872.133,20220329,0.325648381,-0.01336,0.01422
634064.1315,5739845.641,20220329,0.328302816,-0.01372,0.01458
634059.8658,5739824.573,20220329,0.331461912,-0.0141,0.01506
634051.0518,5739801.696,20220329,0.33482451,-0.01398,0.0149
634037.1389,5739775.558,20220329,0.338541231,-0.01372,0.0146
634019.6965,5739748.384,20220329,0.342335129,-0.01416,0.01508
634000.3416,5739719.3,20220329,0.346049129,-0.01414,0.01504
633977.0626,5739695.118,20220329,0.349730558,-0.01366,0.01452
633956.1785,5739676.197,20220329,0.352910728,-0.0145,0.01548
633933.0125,5739660.935,20220329,0.35568834,-0.01346,0.0143
633906.023,5739646.676,20220329,0.358124612,-0.0139,0.01478
633879.3805,5739632.251,20220329,0.359977088,-0.01352,0.01436
633850.6572,5739618.3,20220329,0.361555755,-0.01364,0.01446
633816.2437,5739610.35,20220329,0.363307286,-0.01338,0.01418
633776.2796,5739608.164,20220329,0.364715177,-0.014,0.01486
633734.7307,5739609.475,20220329,0.366704816,-0.014,0.01488
633699.3892,5739610.942,20220329,0.368705463,-0.01442,0.0153
633666.7539,5739618.614,20220329,0.371237912,-0.01412,0.015
633637.6311,5739628.221,20220329,0.369328571,-0.01476,0.01572
633610.1571,5739644.931,20220329,0.372765714,-0.01464,0.01558
633583.549,5739663.697,20220329,0.375922857,-0.01572,0.01682
633557.6656,5739686.006,20220329,0.384951374,-0.01548,0.0165
633533.6339,5739711.702,20220329,0.388834238,-0.01568,0.01676
633516.5555,5739731.101,20220329,0.388757143,-0.01486,0.01586
633500.515,5739750.323,20220329,0.394408571,-0.0153,0.01638
633479.9778,5739770.37,20220329,0.401371857,-0.01492,0.0159
633456.838,5739788.498,20220329,0.405774381,-0.01508,0.0161
633433.27,5739805.849,20220329,0.40984549,-0.0154,0.01648
633408.969,5739819.858,20220329,0.413384633,-0.0151,0.01612
633384.5149,5739831.268,20220329,0.416845395,-0.01586,0.017
633364.8843,5739834.643,20220329,0.419801218,-0.01646,0.01774
633348.7945,5739838.293,20220329,0.422298599,-0.01656,0.0178
633333.2355,5739839.743,20220329,0.424852646,-0.01642,0.01766
633314.576,5739840.916,20220329,0.425733007,-0.01748,0.01892
633295.431,5739843.19,20220329,0.426753769,-0.01752,0.01896
633266.7742,5739843.911,20220329,0.426916401,-0.0178,0.01928
633231.619,5739846.686,20220329,0.426453347,-0.01648,0.01778
633198.153,5739842.457,20220329,0.425331041,-0.01702,0.0184
633169.7059,5739835.412,20220329,0.423297245,-0.01732,0.0188
633142.6886,5739822.072,20220329,0.420455061,-0.01772,0.0192
633116.6391,5739807.102,20220329,0.417703939,-0.01834,0.01994
633088.5879,5739802.104,20220329,0.414263231,-0.01654,0.0178
633061.9536,5739804.74,20220329,0.411330639,-0.01694,0.01832
633042.6621,5739799.393,20220329,0.408173435,-0.01752,0.01894
633025.1905,5739798.934,20220329,0.404951367,-0.01662,0.01794
633008.7853,5739806.113,20220329,0.402115102,-0.0163,0.01752
632991.3242,5739805.644,20220329,0.399377177,-0.01644,0.01772
632974.7101,5739812.065,20220329,0.396393136,-0.01632,0.01754
632955.6133,5739816.572,20220329,0.393681884,-0.0167,0.01798
632933.5197,5739825.818,20220329,0.390798163,-0.01786,0.01934
632914.912,5739838.13,20220329,0.387954279,-0.01646,0.01772
632897.905,5739841.942,20220329,0.384874816,-0.01678,0.01814
632883.8789,5739846.017,20220329,0.381414027,-0.01774,0.01918
632865.4236,5739848.309,20220329,0.377562456,-0.01674,0.01802
632845.3943,5739853.348,20220329,0.373061769,-0.01696,0.0183
632827.101,5739866.774,20220329,0.367935571,-0.0181,0.01964
632806.9146,5739882.192,20220329,0.362118109,-0.01706,0.01838
632784.7716,5739897.74,20220329,0.355673231,-0.01854,0.02014
632763.241,5739915.915,20220329,0.348949993,-0.01718,0.01852
632743.5128,5739927.25,20220329,0.342236068,-0.01802,0.01952
632722.9815,5739942.294,20220329,0.335945259,-0.0186,0.0202
632704.0118,5739951.249,20220329,0.330147769,-0.01798,0.01946
632687.2518,5739958.784,20220329,0.324653095,-0.01802,0.01952
632671.9659,5739962.837,20220329,0.319938823,-0.018,0.01944
632655.4339,5739970.182,20220329,0.316219048,-0.01802,0.01948
632644.166,5739974.34,20220329,0.313288333,-0.0189,0.02048
632634.9222,5739971.869,20220329,0.310864946,-0.0187,0.02024
632627.6382,5739964.815,20220329,0.309064429,-0.01856,0.02004
632621.2424,5739963.16,20220329,0.307873905,-0.01972,0.02142
632615.7755,5739965.437,20220329,0.30725583,-0.01964,0.02132
632613.8242,5739965.196,20220329,0.306925952,-0.02042,0.02222
632613.7787,5739962.413,20220329,0.30669681,-0.02058,0.02236
632610.6089,5739960.661,20220329,0.306661245,-0.0209,0.02276
632614.0393,5739961.673,20220329,0.30668415,-0.0203,0.02196
632617.0307,5739961.196,20220329,0.306518054,-0.02024,0.0219
632616.8926,5739962.121,20220329,0.306174755,-0.02124,0.02304
632614.7849,5739963.735,20220329,0.305881932,-0.02058,0.02228
632614.0716,5739968.909,20220329,0.305467823,-0.02098,0.02274
632612.9602,5739971.845,20220329,0.305034381,-0.02072,0.02244
632611.744,5739974.406,20220329,0.304718279,-0.0208,0.02254
632611.5389,5739977.93,20220329,0.304382245,-0.02088,0.02262
632612.2464,5739977.029,20220329,0.303900238,-0.02186,0.0237
632613.723,5739977.62,20220329,0.303578619,-0.02154,0.02332
632614.8719,5739982.28,20220329,0.303188204,-0.02146,0.02324
632614.8074,5739988.951,20220329,0.297208571,-0.02248,0.02436
632615.3352,5739995.086,20220329,0.2971,-0.0237,0.0258
632613.8476,5739999.138,20220329,0.297614286,-0.02252,0.02442
632611.9782,5739995.939,20220329,0.299951429,-0.02378,0.02584
632617.7925,5739993.487,20220329,0.307624136,-0.02502,0.02732
632634.9789,5739987.26,20220329,0.311968898,-0.0253,0.02766
632655.8222,5739968.526,20220329,0.317601646,-0.02554,0.02786
632681.6229,5739949.927,20220329,0.32438483,-0.02538,0.02766
632706.0995,5739928.491,20220329,0.331476463,-0.02796,0.03074
632727.0289,5739915.685,20220329,0.338517789,-0.02732,0.02996
632746.5738,5739902.481,20220329,0.344958912,-0.02918,0.03218
632763.6253,5739892.727,20220329,0.350755626,-0.0281,0.03092
632778.2113,5739884.773,20220329,0.35535132,-0.02666,0.02908
632791.1081,5739883.823,20220329,0.359036993,-0.02536,0.02758
632801.2263,5739879.637,20220329,0.361772857,-0.02608,0.02842
632805.6259,5739874.364,20220329,0.363818932,-0.02468,0.02682
632810.0605,5739871.885,20220329,0.36561702,-0.0248,0.02714
632812.0862,5739869.347,20220329,0.367213864,-0.02304,0.02494
632813.2614,5739868.265,20220329,0.368808925,-0.02268,0.02452
632819.9084,5739864.546,20220329,0.370711204,-0.0218,0.02346
632829.6359,5739857.943,20220329,0.372745259,-0.0222,0.02396
632840.4779,5739847.843,20220329,0.37530232,-0.02014,0.02154
632853.4822,5739830.187,20220329,0.378179959,-0.02088,0.02244
632861.7933,5739815.941,20220329,0.381080585,-0.01982,0.02116
632870.5263,5739798.74,20220329,0.384206442,-0.0201,0.02154
632883.5525,5739784.437,20220329,0.387205728,-0.0196,0.0209
632891.2996,5739769.797,20220329,0.390436966,-0.02046,0.02194
632898.5261,5739748.842,20220329,0.394566388,-0.01936,0.02066
632910.1502,5739731.17,20220329,0.398784837,-0.01942,0.0207
632918.6287,5739710.426,20220329,0.403815286,-0.0193,0.02058
632920.2697,5739683.208,20220329,0.409760122,-0.01962,0.02098
632922.3348,5739657.107,20220329,0.415073218,-0.0188,0.02006
632923.7041,5739636.001,20220329,0.421229184,-0.01934,0.0207
632927.1507,5739610.127,20220329,0.427507347,-0.0176,0.01868
632930.8658,5739582.594,20220329,0.433216381,-0.01654,0.01752
632937.6356,5739557.177,20220329,0.438893333,-0.01606,0.017
632942.878,5739532.648,20220329,0.444150218,-0.01486,0.0157
632947.606,5739514.782,20220329,0.449087837,-0.01162,0.01212
632946.2673,5739496.016,20220329,0.454796735,-0.0106,0.01104
632947.333,5739473.046,20220329,0.459966939,-0.0097,0.01008
632948.4276,5739444.514,20220329,0.464716122,-0.00904,0.00936
632953.1521,5739413.85,20220329,0.469184898,-0.00848,0.0088
632956.9494,5739383.348,20220329,0.473062082,-0.00832,0.00862
632960.2893,5739353.017,20220329,0.47673298,-0.00774,0.00798
632964.6788,5739325.872,20220329,0.479692245,-0.00748,0.0077
632970.5633,5739294.495,20220329,0.481832245,-0.00718,0.00738
632973.9744,5739265.839,20220329,0.483462122,-0.0072,0.00742
632971.7289,5739246.495,20220329,0.484924327,-0.00694,0.0071
632962.1866,5739224.539,20220329,0.485946694,-0.00676,0.00694
632956.1019,5739206.578,20220329,0.487004286,-0.00676,0.00694
632945.2544,5739186.43,20220329,0.487513878,-0.00674,0.00694
632937.3055,5739164.9,20220329,0.488847408,-0.00678,0.00696
632930.1697,5739138.931,20220329,0.490012571,-0.00676,0.007
632920.1544,5739117.526,20220329,0.491253265,-0.00662,0.00678
632909.3494,5739099.991,20220329,0.49153202,-0.00648,0.00664
632897.86,5739082.067,20220329,0.490774626,-0.00624,0.0064
632885.965,5739062.086,20220329,0.489194939,-0.00604,0.00618
632873.5333,5739040.802,20220329,0.486954864,-0.00566,0.0058
632858.4119,5739020.928,20220329,0.482680224,-0.00536,0.0055
632846.0518,5739001.308,20220329,0.478304082,-0.00498,0.0051
632836.2891,5738983.245,20220329,0.47304232,-0.00474,0.00486
632827.0649,5738966.686,20220329,0.467506034,-0.00434,0.00448
632818.142,5738951.8,20220329,0.462188952,-0.0042,0.00432
632809.0758,5738938.209,20220329,0.457316197,-0.00416,0.00424
632800.3883,5738922.952,20220329,0.452316633,-0.00418,0.00426
632792.7584,5738906.799,20220329,0.447683429,-0.00426,0.00434
632789.9068,5738893.183,20220329,0.442960299,-0.0042,0.00426
632788.0087,5738877.556,20220329,0.438277211,-0.00422,0.00432
632783.8574,5738860.755,20220329,0.434188313,-0.0042,0.00428
632778.8762,5738844.671,20220329,0.430753245,-0.00424,0.00434
632781.004,5738825.067,20220329,0.427308932,-0.00422,0.00434
632786.05,5738812.597,20220329,0.424583905,-0.0042,0.0043
632790.4805,5738805.845,20220329,0.422013401,-0.00424,0.00434
632792.0494,5738798.845,20220329,0.419684224,-0.00426,0.00434
632794.9984,5738791.863,20220329,0.417473823,-0.0043,0.00438
632795.9216,5738782.805,20220329,0.414441,-0.00432,0.00442
632797.5282,5738765.411,20220329,0.410858966,-0.00432,0.00442
632798.3197,5738744.481,20220329,0.406418544,-0.00432,0.0044
632797.9359,5738715.158,20220329,0.401224034,-0.00426,0.00436
632796.6324,5738681.924,20220329,0.395546143,-0.00434,0.00442
632794.5701,5738651.081,20220329,0.389634544,-0.00434,0.00442
632794.4544,5738616.216,20220329,0.383395653,-0.0043,0.00438
632795.5468,5738583.601,20220329,0.377828034,-0.00434,0.00442
632792.8079,5738552.18,20220329,0.372533776,-0.00444,0.00452
632788.3109,5738522.387,20220329,0.367666673,-0.00436,0.00446
632776.4238,5738497.593,20220329,0.36326366,-0.00458,0.00468
632761.7954,5738476.439,20220329,0.359348435,-0.00472,0.00484
632748.1664,5738452.154,20220329,0.355688694,-0.00482,0.0049
632734.6039,5738426.01,20220329,0.35266034,-0.0051,0.00522
632720.1569,5738406.524,20220329,0.349941245,-0.00528,0.00546
632706.4447,5738389.85,20220329,0.347481558,-0.00552,0.00564
632691.77,5738375.168,20220329,0.345405476,-0.00586,0.006
632674.2287,5738359.877,20220329,0.343709327,-0.00614,0.0063
632654.8872,5738342.861,20220329,0.342173646,-0.00646,0.00662
632629.3513,5738329.753,20220329,0.340839884,-0.0067,0.0069
632606.2388,5738316.354,20220329,0.339693388,-0.0071,0.00732
632581.9256,5738309.029,20220329,0.338544218,-0.00728,0.00748
632559.6801,5738306.413,20220329,0.337474401,-0.00766,0.00786
632541.0678,5738301.094,20220329,0.33638115,-0.00798,0.0082
632522.2918,5738297.81,20220329,0.335357605,-0.00818,0.00844
632499.8369,5738294.444,20220329,0.334372068,-0.00854,0.0088
632469.6587,5738287.158,20220329,0.333541918,-0.00948,0.0098
632433.8639,5738278.981,20220329,0.33253119,-0.0098,0.01014
632405.4402,5738275.259,20220329,0.331744796,-0.01162,0.01214
632377.5398,5738268.787,20220329,0.331164946,-0.01252,0.01308
632350.5319,5738263.243,20220329,0.330752626,-0.01582,0.0168
632324.1637,5738260.146,20220329,0.33049202,-0.017,0.01814
632291.2012,5738253.897,20220329,0.330540435,-0.01818,0.01954
632248.544,5738239.603,20220329,0.330536986,-0.01874,0.02012
632201.411,5738225.386,20220329,0.331214156,-0.01998,0.02158
632159.0276,5738201.278,20220329,0.318297143,-0.0211,0.02286
632115.8698,5738166.572,20220329,0.317917143,-0.02184,0.02376
632078.9096,5738124.236,20220329,0.317462857,-0.0225,0.02452
632045.1015,5738079.949,20220329,0.317165714,-0.02274,0.02476
632010.203,5738033.226,20220329,0.317722857,-0.02286,0.02494
631974.7555,5737985.74,20220329,0.319382857,-0.0227,0.02464
631938.1968,5737936.567,20220329,0.32116,-0.0215,0.02328
631900.7499,5737885.876,20220329,0.344950469,-0.02116,0.02286
631861.6837,5737831.257,20220329,0.349149272,-0.02088,0.02256
631822.0277,5737777.354,20220329,0.354076687,-0.02128,0.02304
631780.4191,5737727.863,20220329,0.359483823,-0.0207,0.02234
631739.5951,5737678.755,20220329,0.334237143,-0.02022,0.02182
631700.9117,5737631.366,20220329,0.33738,-0.01908,0.0205
631667.1313,5737590.052,20220329,0.340802857,-0.01904,0.02048
631641.4451,5737551.913,20220329,0.344511429,-0.01732,0.01852
631621.6459,5737517.088,20220329,0.348605714,-0.01818,0.01952
631604.6309,5737485.849,20220329,0.352202857,-0.01694,0.0181
631591.766,5737454.181,20220329,0.355371429,-0.01704,0.01826
631580.4983,5737423.09,20220329,0.356894286,-0.01728,0.01854
631568.4408,5737391.255,20220329,0.357682857,-0.01686,0.01806
631560.4885,5737356.918,20220329,0.3572,-0.01686,0.01808
631552.9626,5737327.781,20220329,0.356445714,-0.01724,0.0185
631545.4054,5737300.134,20220329,0.35422,-0.01778,0.0191
631538.0349,5737273.785,20220329,0.352434286,-0.01738,0.01868
631532.0743,5737242.111,20220329,0.349582857,-0.01918,0.02074
631522.0273,5737212.721,20220329,0.347302857,-0.01774,0.01912
631508.8327,5737184.932,20220329,0.34452,-0.01888,0.02038
631492.693,5737159.653,20220329,0.34246,-0.01936,0.02096
631477.3646,5737134.598,20220329,0.339717143,-0.01938,0.02098
631457.4291,5737113.295,20220329,0.337817143,-0.01996,0.0217
631433.7149,5737091.907,20220329,0.334948571,-0.01948,0.0211
631407.444,5737071.374,20220329,0.332691429,-0.01928,0.02092
631379.8242,5737053.958,20220329,0.329994286,-0.02006,0.0218
631354.2472,5737037.716,20220329,0.32802,-0.0192,0.02078
631327.4238,5737024.775,20220329,0.325337143,-0.02082,0.02276
631300.2555,5737012.191,20220329,0.323262857,-0.0192,0.02082
631273.6106,5736996.856,20220329,0.320822857,-0.02084,0.0228
631245.4439,5736982.759,20220329,0.318888571,-0.01898,0.0206
631217.4097,5736968.117,20220329,0.3171,-0.01926,0.02098
631192.7777,5736955.416,20220329,0.3151,-0.01998,0.02186
631169.6474,5736942.207,20220329,0.312728571,-0.01832,0.01984
631147.8848,5736924.942,20220329,0.311165714,-0.01906,0.02076
631123.9043,5736909.296,20220329,0.309482857,-0.01884,0.02052
631102.1004,5736893.52,20220329,0.308042857,-0.01862,0.02026
631081.3102,5736878.887,20220329,0.307388571,-0.01802,0.01954
631062.3387,5736865.038,20220329,0.306551429,-0.0181,0.01964
631042.7844,5736851.736,20220329,0.306848571,-0.0181,0.01966
631022.781,5736837.675,20220329,0.308117143,-0.0175,0.01894
630999.2787,5736821.109,20220329,0.309802857,-0.01874,0.02038
630972.0397,5736802.217,20220329,0.3126,-0.01784,0.01932
630937.7816,5736779.074,20220329,0.316465714,-0.01704,0.01842
630896.6123,5736751.485,20220329,0.320282857,-0.01666,0.01804
630854.3221,5736722.929,20220329,0.324457143,-0.01654,0.0179
630812.6087,5736694.216,20220329,0.327777143,-0.01584,0.01708
630770.4741,5736663.825,20220329,0.339043054,-0.01636,0.0177
630727.3311,5736632.653,20220329,0.338865939,-0.01704,0.0185
630679.8812,5736603.044,20220329,0.338371374,-0.01726,0.01876
630629.9397,5736580.977,20220329,0.337799163,-0.01616,0.0175
630578.2814,5736562.941,20220329,0.337383061,-0.01648,0.01784
630526.5938,5736550.478,20220329,0.337393952,-0.0163,0.01762
630477.4194,5736543.081,20220329,0.338221408,-0.01612,0.01742
630427.8165,5736530.294,20220329,0.339601939,-0.0151,0.01626
630379.9309,5736530.724,20220329,0.341225755,-0.0147,0.01574
630334.2497,5736530.835,20220329,0.342865238,-0.01474,0.01584
630287.8339,5736523.512,20220329,0.34443102,-0.01434,0.01536
630238.8056,5736510.378,20220329,0.345469849,-0.01418,0.01522
630190.6751,5736489.286,20220329,0.346588981,-0.01344,0.0144
630141.2685,5736459.817,20220329,0.347261119,-0.01252,0.01336
633742.2079,5741065.818,20220330,0.290521851,-0.018985714,0.020714286
633694.9659,5741026.54,20220330,0.292130905,-0.0155,0.016628571
633652.0085,5740981.625,20220330,0.293460925,-0.014114286,0.015014286
633613.7622,5740928.489,20220330,0.294249048,-0.013842857,0.014728571
633582.4129,5740874.797,20220330,0.295991279,-0.012785714,0.013557143
633561.7738,5740821.015,20220330,0.29710316,-0.012357143,0.013057143
633549.4188,5740766.524,20220330,0.297738323,-0.011828571,0.012471429
633546.4705,5740713.221,20220330,0.297644262,-0.011371429,0.011985714
633551.2314,5740659.565,20220330,0.297121901,-0.011057143,0.011628571
633564.4115,5740604.834,20220330,0.296398316,-0.011214286,0.011771429
633585.2617,5740556.043,20220330,0.295749942,-0.011614286,0.012242857
633604.8646,5740510.572,20220330,0.294605704,-0.012214286,0.012885714
633623.331,5740464.515,20220330,0.294194878,-0.012742857,0.013471429
633645.6217,5740417.434,20220330,0.294354476,-0.013185714,0.013957143
633668.2087,5740368.504,20220330,0.295598514,-0.014228571,0.015171429
633698.4458,5740320.899,20220330,0.297790347,-0.014614286,0.015585714
633738.0597,5740271.32,20220330,0.300619228,-0.015328571,0.0164
633796.6934,5740237.092,20220330,0.303926776,-0.016042857,0.017214286
633861.9939,5740203.038,20220330,0.307925755,-0.016285714,0.0175
633925.6522,5740170.228,20220330,0.311595741,-0.016242857,0.017471429
633975.6553,5740132.243,20220330,0.315474272,-0.017071429,0.018414286
634011.4138,5740089.058,20220330,0.318063469,-0.016842857,0.018157143
634032.4444,5740046.578,20220330,0.319985551,-0.0171,0.018457143
634048.5801,5740006.578,20220330,0.321522925,-0.017371429,0.018742857
634058.8253,5739966.986,20220330,0.323017088,-0.016671429,0.017942857
634064.8991,5739929.313,20220330,0.324663633,-0.017628571,0.019028571
634068.824,5739902.518,20220330,0.326748776,-0.017228571,0.018557143
634069.8749,5739872.133,20220330,0.32839219,-0.017128571,0.018442857
634064.1315,5739845.641,20220330,0.330838898,-0.017785714,0.019171429
634059.8658,5739824.573,20220330,0.333945946,-0.017257143,0.018585714
634051.0518,5739801.696,20220330,0.337100204,-0.0182,0.019642857
634037.1389,5739775.558,20220330,0.340808912,-0.016842857,0.018057143
634019.6965,5739748.384,20220330,0.344510585,-0.018271429,0.019714286
634000.3416,5739719.3,20220330,0.347924014,-0.018171429,0.0196
633977.0626,5739695.118,20220330,0.351462299,-0.018442857,0.0199
633956.1785,5739676.197,20220330,0.354512844,-0.018857143,0.0204
633933.0125,5739660.935,20220330,0.356899946,-0.0184,0.019828571
633906.023,5739646.676,20220330,0.359108245,-0.018628571,0.020128571
633879.3805,5739632.251,20220330,0.360616054,-0.018214286,0.019642857
633850.6572,5739618.3,20220330,0.362886102,-0.0184,0.019885714
633816.2437,5739610.35,20220330,0.365433143,-0.018928571,0.020471429
633776.2796,5739608.164,20220330,0.367700323,-0.019585714,0.021328571
633734.7307,5739609.475,20220330,0.370787112,-0.020257143,0.0221
633699.3892,5739610.942,20220330,0.373990609,-0.022128571,0.024671429
633666.7539,5739618.614,20220330,0.377843017,-0.0224,0.024971429
633637.6311,5739628.221,20220330,0.381720408,-0.022114286,0.024628571
633610.1571,5739644.931,20220330,0.385332313,-0.018566667,0.020016667
633583.549,5739663.697,20220330,0.388721048,-0.019133333,0.020666667
633557.6656,5739686.006,20220330,0.392600388,-0.018683333,0.020183333
633533.6339,5739711.702,20220330,0.395907833,-0.019283333,0.020833333
633516.5555,5739731.101,20220330,0.399743759,-0.0186,0.020016667
633500.515,5739750.323,20220330,0.4029595,-0.01915,0.020683333
633479.9778,5739770.37,20220330,0.406102833,-0.018583333,0.02005
633456.838,5739788.498,20220330,0.409461833,-0.01865,0.020133333
633433.27,5739805.849,20220330,0.412361724,-0.018483333,0.01995
633408.969,5739819.858,20220330,0.414715939,-0.017533333,0.0189
633384.5149,5739831.268,20220330,0.417250296,-0.017766667,0.019166667
633364.8843,5739834.643,20220330,0.406394218,-0.01685,0.01815
633348.7945,5739838.293,20220330,0.40727517,-0.016066667,0.017283333
633333.2355,5739839.743,20220330,0.408110884,-0.0155,0.016633333
633314.576,5739840.916,20220330,0.407712245,-0.019942857,0.022328571
633295.431,5739843.19,20220330,0.408212245,-0.0175,0.019042857
633266.7742,5739843.911,20220330,0.408336735,-0.016528571,0.017814286
633231.619,5739846.686,20220330,0.408053061,-0.016985714,0.018357143
633198.153,5739842.457,20220330,0.407344898,-0.016957143,0.018285714
633169.7059,5739835.412,20220330,0.405997959,-0.017542857,0.019
633142.6886,5739822.072,20220330,0.403495918,-0.016942857,0.0183
633116.6391,5739807.102,20220330,0.400418367,-0.017042857,0.018414286
633088.5879,5739802.104,20220330,0.396487755,-0.016985714,0.018357143
633061.9536,5739804.74,20220330,0.392579592,-0.017385714,0.018814286
633042.6621,5739799.393,20220330,0.388312245,-0.017157143,0.018542857
633025.1905,5739798.934,20220330,0.383261224,-0.017314286,0.018757143
633008.7853,5739806.113,20220330,0.378555102,-0.017071429,0.018485714
632991.3242,5739805.644,20220330,0.374104082,-0.017871429,0.019385714
632974.7101,5739812.065,20220330,0.370202041,-0.017542857,0.019042857
632955.6133,5739816.572,20220330,0.39840183,-0.017371429,0.0188
632933.5197,5739825.818,20220330,0.362022449,-0.018071429,0.019642857
632914.912,5739838.13,20220330,0.357902041,-0.017685714,0.019171429
632897.905,5739841.942,20220330,0.353926531,-0.018114286,0.019671429
632883.8789,5739846.017,20220330,0.349820408,-0.018028571,0.019557143
632865.4236,5739848.309,20220330,0.345706122,-0.017485714,0.018914286
632845.3943,5739853.348,20220330,0.341255102,-0.018314286,0.019857143
632827.101,5739866.774,20220330,0.336342857,-0.017828571,0.0193
632806.9146,5739882.192,20220330,0.331695918,-0.017471429,0.018885714
632784.7716,5739897.74,20220330,0.326616327,-0.017571429,0.019028571
632763.241,5739915.915,20220330,0.322216327,-0.017485714,0.018871429
632743.5128,5739927.25,20220330,0.351060789,-0.0174,0.018771429
632722.9815,5739942.294,20220330,0.345461599,-0.017857143,0.019328571
632704.0118,5739951.249,20220330,0.34018516,-0.017628571,0.019028571
632687.2518,5739958.784,20220330,0.335375405,-0.0177,0.019128571
632671.9659,5739962.837,20220330,0.33146832,-0.018114286,0.0196
632655.4339,5739970.182,20220330,0.328334524,-0.018185714,0.019657143
632644.166,5739974.34,20220330,0.325829667,-0.018328571,0.019828571
632634.9222,5739971.869,20220330,0.32370784,-0.018214286,0.0197
632627.6382,5739964.815,20220330,0.321971929,-0.019185714,0.0208
632621.2424,5739963.16,20220330,0.320886095,-0.018414286,0.019928571
632615.7755,5739965.437,20220330,0.320304384,-0.018328571,0.019742857
632613.8242,5739965.196,20220330,0.319761905,-0.018457143,0.019928571
632613.7787,5739962.413,20220330,0.31971069,-0.019228571,0.020828571
632610.6089,5739960.661,20220330,0.319616469,-0.019542857,0.021157143
632614.0393,5739961.673,20220330,0.31965985,-0.020785714,0.022642857
632617.0307,5739961.196,20220330,0.319576088,-0.021471429,0.0234
632616.8926,5739962.121,20220330,0.319393388,-0.021142857,0.023
632614.7849,5739963.735,20220330,0.319297497,-0.021385714,0.023271429
632614.0716,5739968.909,20220330,0.319048248,-0.021485714,0.023357143
632612.9602,5739971.845,20220330,0.318682833,-0.021271429,0.0231
632611.744,5739974.406,20220330,0.318446721,-0.021285714,0.023128571
632611.5389,5739977.93,20220330,0.318338112,-0.023414286,0.0257
632612.2464,5739977.029,20220330,0.318094262,-0.023342857,0.025571429
632613.723,5739977.62,20220330,0.318025952,-0.023828571,0.026085714
632614.8719,5739982.28,20220330,0.317811582,-0.022828571,0.024885714
632614.8074,5739988.951,20220330,0.317637585,-0.024685714,0.027157143
632615.3352,5739995.086,20220330,0.317592833,-0.024714286,0.027157143
632613.8476,5739999.138,20220330,0.317966782,-0.0252,0.027642857
632611.9782,5739995.939,20220330,0.319113344,-0.024914286,0.027271429
632617.7925,5739993.487,20220330,0.321387364,-0.025257143,0.027742857
632634.9789,5739987.26,20220330,0.324917316,-0.0259,0.0285
632655.8222,5739968.526,20220330,0.329549425,-0.025571429,0.028057143
632681.6229,5739949.927,20220330,0.33520567,-0.024642857,0.026914286
632706.0995,5739928.491,20220330,0.341377752,-0.025257143,0.027671429
632727.0289,5739915.685,20220330,0.347595497,-0.025371429,0.027785714
632746.5738,5739902.481,20220330,0.353408231,-0.024571429,0.0268
632763.6253,5739892.727,20220330,0.322569388,-0.024042857,0.026228571
632778.2113,5739884.773,20220330,0.325432653,-0.024671429,0.026942857
632791.1081,5739883.823,20220330,0.327916327,-0.023328571,0.025371429
632801.2263,5739879.637,20220330,0.330242857,-0.021814286,0.023585714
632805.6259,5739874.364,20220330,0.332120408,-0.022785714,0.0247
632810.0605,5739871.885,20220330,0.333765306,-0.021514286,0.023271429
632812.0862,5739869.347,20220330,0.335383673,-0.022114286,0.023957143
632813.2614,5739868.265,20220330,0.336636735,-0.021842857,0.023642857
632819.9084,5739864.546,20220330,0.338667347,-0.022014286,0.0239
632829.6359,5739857.943,20220330,0.340636735,-0.021528571,0.023257143
632840.4779,5739847.843,20220330,0.34297551,-0.021385714,0.023157143
632853.4822,5739830.187,20220330,0.345883673,-0.021785714,0.0236
632861.7933,5739815.941,20220330,0.348753061,-0.021014286,0.022728571
632870.5263,5739798.74,20220330,0.35222449,-0.022271429,0.024185714
632883.5525,5739784.437,20220330,0.392417915,-0.020857143,0.022557143
632891.2996,5739769.797,20220330,0.358895918,-0.021257143,0.023085714
632898.5261,5739748.842,20220330,0.400057898,-0.021514286,0.0234
632910.1502,5739731.17,20220330,0.404726306,-0.020842857,0.022557143
632918.6287,5739710.426,20220330,0.367985714,-0.020314286,0.022
632920.2697,5739683.208,20220330,0.371677551,-0.020814286,0.022628571
632922.3348,5739657.107,20220330,0.375006122,-0.018742857,0.020157143
632923.7041,5739636.001,20220330,0.378944898,-0.019557143,0.021142857
632927.1507,5739610.127,20220330,0.382581633,-0.019028571,0.020614286
632930.8658,5739582.594,20220330,0.386671429,-0.016828571,0.017985714
632937.6356,5739557.177,20220330,0.390628571,-0.017114286,0.018357143
632942.878,5739532.648,20220330,0.39474898,-0.014957143,0.015928571
632947.606,5739514.782,20220330,0.398606122,-0.011557143,0.012114286
632946.2673,5739496.016,20220330,0.402865306,-0.010642857,0.011114286
632947.333,5739473.046,20220330,0.407261224,-0.0098,0.0102
632948.4276,5739444.514,20220330,0.411791837,-0.008957143,0.009271429
632953.1521,5739413.85,20220330,0.416130612,-0.008557143,0.008857143
632956.9494,5739383.348,20220330,0.420218367,-0.008257143,0.008542857
632960.2893,5739353.017,20220330,0.424220408,-0.007642857,0.007885714
632964.6788,5739325.872,20220330,0.427669388,-0.007542857,0.007785714
632970.5633,5739294.495,20220330,0.430340816,-0.007085714,0.007314286
632973.9744,5739265.839,20220330,0.432477551,-0.006785714,0.006971429
632971.7289,5739246.495,20220330,0.434616327,-0.006714286,0.006914286
632962.1866,5739224.539,20220330,0.436334694,-0.006642857,0.006842857
632956.1019,5739206.578,20220330,0.438114286,-0.006528571,0.006728571
632945.2544,5739186.43,20220330,0.440108163,-0.006457143,0.006642857
632937.3055,5739164.9,20220330,0.44214898,-0.006285714,0.006471429
632930.1697,5739138.931,20220330,0.443942857,-0.006271429,0.006428571
632920.1544,5739117.526,20220330,0.445991837,-0.006042857,0.006214286
632909.3494,5739099.991,20220330,0.447893878,-0.005714286,0.005871429
632897.86,5739082.067,20220330,0.448926531,-0.005571429,0.005714286
632885.965,5739062.086,20220330,0.449604082,-0.005128571,0.005257143
632873.5333,5739040.802,20220330,0.449240816,-0.0047,0.004814286
632858.4119,5739020.928,20220330,0.448061224,-0.004385714,0.004471429
632846.0518,5739001.308,20220330,0.446889796,-0.003971429,0.004028571
632836.2891,5738983.245,20220330,0.44467551,-0.003757143,0.003785714
632827.0649,5738966.686,20220330,0.441918367,-0.003585714,0.003628571
632818.142,5738951.8,20220330,0.438757143,-0.003442857,0.0035
632809.0758,5738938.209,20220330,0.435326531,-0.0033,0.003357143
632800.3883,5738922.952,20220330,0.431310204,-0.003357143,0.003385714
632792.7584,5738906.799,20220330,0.427442857,-0.0034,0.003442857
632789.9068,5738893.183,20220330,0.422995918,-0.003414286,0.003471429
632788.0087,5738877.556,20220330,0.418393878,-0.003457143,0.003528571
632783.8574,5738860.755,20220330,0.41344898,-0.003457143,0.003514286
632778.8762,5738844.671,20220330,0.443563469,-0.003457143,0.003528571
632781.004,5738825.067,20220330,0.405434694,-0.003442857,0.003514286
632786.05,5738812.597,20220330,0.402128571,-0.003457143,0.003514286
632790.4805,5738805.845,20220330,0.39885102,-0.003457143,0.003542857
632792.0494,5738798.845,20220330,0.396032653,-0.003528571,0.0036
632794.9984,5738791.863,20220330,0.393053061,-0.003514286,0.003585714
632795.9216,5738782.805,20220330,0.424956762,-0.003528571,0.0036
632797.5282,5738765.411,20220330,0.421228653,-0.003557143,0.003614286
632798.3197,5738744.481,20220330,0.38135102,-0.003528571,0.003614286
632797.9359,5738715.158,20220330,0.411275061,-0.003557143,0.003614286
632796.6324,5738681.924,20220330,0.405885214,-0.003514286,0.003585714
632794.5701,5738651.081,20220330,0.400606932,-0.003542857,0.0036
632794.4544,5738616.216,20220330,0.395120537,-0.003514286,0.003571429
632795.5468,5738583.601,20220330,0.390403656,-0.003528571,0.003585714
632792.8079,5738552.18,20220330,0.385996653,-0.003514286,0.0036
632788.3109,5738522.387,20220330,0.382494612,-0.003614286,0.003657143
632776.4238,5738497.593,20220330,0.379122269,-0.003585714,0.003657143
632761.7954,5738476.439,20220330,0.376215779,-0.003757143,0.003814286
632748.1664,5738452.154,20220330,0.373375378,-0.003928571,0.004014286
632734.6039,5738426.01,20220330,0.371062088,-0.003957143,0.004028571
632720.1569,5738406.524,20220330,0.368966112,-0.0042,0.004285714
632706.4447,5738389.85,20220330,0.366956085,-0.004385714,0.004471429
632691.77,5738375.168,20220330,0.365112095,-0.004728571,0.004842857
632674.2287,5738359.877,20220330,0.363439816,-0.005285714,0.005414286
632654.8872,5738342.861,20220330,0.361881354,-0.005728571,0.005842857
632629.3513,5738329.753,20220330,0.360453401,-0.006257143,0.006414286
632606.2388,5738316.354,20220330,0.359047541,-0.0067,0.0069
632581.9256,5738309.029,20220330,0.357875997,-0.007171429,0.007371429
632559.6801,5738306.413,20220330,0.35673467,-0.007671429,0.007914286
632541.0678,5738301.094,20220330,0.355688136,-0.007728571,0.008
632522.2918,5738297.81,20220330,0.354663109,-0.0084,0.008671429
632499.8369,5738294.444,20220330,0.353738003,-0.008771429,0.009114286
632469.6587,5738287.158,20220330,0.353185082,-0.0093,0.009657143
632433.8639,5738278.981,20220330,0.352631881,-0.0102,0.010614286
632405.4402,5738275.259,20220330,0.352246133,-0.010771429,0.011271429
632377.5398,5738268.787,20220330,0.352269769,-0.012785714,0.013471429
632350.5319,5738263.243,20220330,0.352481088,-0.015514286,0.016514286
632324.1637,5738260.146,20220330,0.353152122,-0.016285714,0.017371429
632291.2012,5738253.897,20220330,0.354225279,-0.017685714,0.018985714
632248.544,5738239.603,20220330,0.355274585,-0.0186,0.020057143
632201.411,5738225.386,20220330,0.356860272,-0.020971429,0.022885714
632159.0276,5738201.278,20220330,0.358656187,-0.021185714,0.023071429
632115.8698,5738166.572,20220330,0.360614173,-0.0232,0.0255
632078.9096,5738124.236,20220330,0.36291549,-0.023142857,0.025428571
632045.1015,5738079.949,20220330,0.36526782,-0.023785714,0.026171429
632010.203,5738033.226,20220330,0.367992204,-0.023585714,0.025914286
631974.7555,5737985.74,20220330,0.317980272,-0.023914286,0.026328571
631938.1968,5737936.567,20220330,0.316871769,-0.024257143,0.026742857
631900.7499,5737885.876,20220330,0.317754422,-0.022885714,0.025071429
631861.6837,5737831.257,20220330,0.321211224,-0.025757143,0.028728571
631822.0277,5737777.354,20220330,0.326531973,-0.026171429,0.029257143
631780.4191,5737727.863,20220330,0.333079252,-0.0246,0.027385714
631739.5951,5737678.755,20220330,0.340919048,-0.021166667,0.022933333
631700.9117,5737631.366,20220330,0.3505,-0.022683333,0.024783333
631667.1313,5737590.052,20220330,0.359578571,-0.02085,0.0226
631641.4451,5737551.913,20220330,0.366638095,-0.021466667,0.023366667
631621.6459,5737517.088,20220330,0.371228571,-0.019916667,0.021533333
631604.6309,5737485.849,20220330,0.374197619,-0.019733333,0.021316667
631591.766,5737454.181,20220330,0.375635714,-0.019333333,0.02085
631580.4983,5737423.09,20220330,0.375857143,-0.01935,0.0209
631568.4408,5737391.255,20220330,0.376667347,-0.018933333,0.020416667
631560.4885,5737356.918,20220330,0.376480952,-0.023114286,0.025914286
631552.9626,5737327.781,20220330,0.375967347,-0.022957143,0.025742857
631545.4054,5737300.134,20220330,0.375477211,-0.020614286,0.022528571
631538.0349,5737273.785,20220330,0.37489966,-0.0209,0.022857143
631532.0743,5737242.111,20220330,0.374802041,-0.019428571,0.0211
631522.0273,5737212.721,20220330,0.374422449,-0.019585714,0.021257143
631508.8327,5737184.932,20220330,0.3738,-0.019271429,0.020942857
631492.693,5737159.653,20220330,0.37294898,-0.0195,0.0212
631477.3646,5737134.598,20220330,0.372377551,-0.018985714,0.020614286
631457.4291,5737113.295,20220330,0.415985578,-0.020057143,0.021857143
631433.7149,5737091.907,20220330,0.412134599,-0.019928571,0.021728571
631407.444,5737071.374,20220330,0.408237231,-0.019528571,0.021257143
631379.8242,5737053.958,20220330,0.404458582,-0.019542857,0.021314286
631354.2472,5737037.716,20220330,0.400359418,-0.0187,0.020257143
631327.4238,5737024.775,20220330,0.396676031,-0.018714286,0.020342857
631300.2555,5737012.191,20220330,0.392917459,-0.018257143,0.019771429
631273.6106,5736996.856,20220330,0.389242221,-0.018028571,0.019585714
631245.4439,5736982.759,20220330,0.38613983,-0.0182,0.019742857
631217.4097,5736968.117,20220330,0.383347476,-0.017285714,0.018685714
631192.7777,5736955.416,20220330,0.380552704,-0.017714286,0.019214286
631169.6474,5736942.207,20220330,0.378360238,-0.018242857,0.019871429
631147.8848,5736924.942,20220330,0.376225398,-0.0173,0.018742857
631123.9043,5736909.296,20220330,0.374722793,-0.017357143,0.018814286
631102.1004,5736893.52,20220330,0.373511857,-0.016757143,0.018085714
631081.3102,5736878.887,20220330,0.372541755,-0.017871429,0.019442857
631062.3387,5736865.038,20220330,0.371620133,-0.017628571,0.019157143
631042.7844,5736851.736,20220330,0.370790677,-0.016628571,0.017957143
631022.781,5736837.675,20220330,0.369690486,-0.017428571,0.018914286
630999.2787,5736821.109,20220330,0.368387969,-0.017528571,0.019057143
630972.0397,5736802.217,20220330,0.367021554,-0.016457143,0.017785714
630937.7816,5736779.074,20220330,0.365513993,-0.015242857,0.0164
630896.6123,5736751.485,20220330,0.363618235,-0.014857143,0.015942857
630854.3221,5736722.929,20220330,0.361550609,-0.015314286,0.016514286
630812.6087,5736694.216,20220330,0.359462956,-0.015957143,0.017285714
630770.4741,5736663.825,20220330,0.357543874,-0.015871429,0.017185714
630727.3311,5736632.653,20220330,0.356225776,-0.015714286,0.016971429
630679.8812,5736603.044,20220330,0.355086126,-0.0153,0.016485714
630629.9397,5736580.977,20220330,0.321308163,-0.015542857,0.0168
630578.2814,5736562.941,20220330,0.318781633,-0.015685714,0.0169
630526.5938,5736550.478,20220330,0.317157143,-0.015114286,0.016271429
630477.4194,5736543.081,20220330,0.316291837,-0.015371429,0.016557143
630427.8165,5736530.294,20220330,0.316518367,-0.015757143,0.017014286
630379.9309,5736530.724,20220330,0.317459184,-0.0152,0.016342857
630334.2497,5736530.835,20220330,0.318685714,-0.0156,0.016828571
630287.8339,5736523.512,20220330,0.320222449,-0.014928571,0.016042857
630238.8056,5736510.378,20220330,0.321278571,-0.013557143,0.014457143
630190.6751,5736489.286,20220330,0.322265714,-0.012857143,0.013671429
630141.2685,5736459.817,20220330,0.323364286,-0.012828571,0.013657143
633742.2079,5741065.818,20220331,0.254815,-0.02116,0.0231
633694.9659,5741026.54,20220331,0.25576,-0.01644,0.01762
633652.0085,5740981.625,20220331,0.256496667,-0.01448,0.01538
633613.7622,5740928.489,20220331,0.256857143,-0.01366,0.0145
633582.4129,5740874.797,20220331,0.258108571,-0.01422,0.01516
633561.7738,5740821.015,20220331,0.258705714,-0.01346,0.01432
633549.4188,5740766.524,20220331,0.259174286,-0.01288,0.0136
633546.4705,5740713.221,20220331,0.259168571,-0.0123,0.01302
633551.2314,5740659.565,20220331,0.25902,-0.01212,0.01278
633564.4115,5740604.834,20220331,0.258685714,-0.01194,0.01258
633585.2617,5740556.043,20220331,0.25834,-0.01188,0.01254
633604.8646,5740510.572,20220331,0.257742857,-0.01184,0.01248
633623.331,5740464.515,20220331,0.257697143,-0.01132,0.01188
633645.6217,5740417.434,20220331,0.258122857,-0.01126,0.01186
633668.2087,5740368.504,20220331,0.259385714,-0.01142,0.01204
633698.4458,5740320.899,20220331,0.261354286,-0.01194,0.0126
633738.0597,5740271.32,20220331,0.264,-0.01218,0.0129
633796.6934,5740237.092,20220331,0.266891429,-0.01222,0.01292
633861.9939,5740203.038,20220331,0.2699,-0.01264,0.01336
633925.6522,5740170.228,20220331,0.272637143,-0.01252,0.01328
633975.6553,5740132.243,20220331,0.274868571,-0.01312,0.01392
634011.4138,5740089.058,20220331,0.276485714,-0.01222,0.0129
634032.4444,5740046.578,20220331,0.277454286,-0.01332,0.01408
634048.5801,5740006.578,20220331,0.278348571,-0.0128,0.01352
634058.8253,5739966.986,20220331,0.279465714,-0.01302,0.01378
634064.8991,5739929.313,20220331,0.280862857,-0.01272,0.01346
634068.824,5739902.518,20220331,0.28306,-0.01294,0.01366
634069.8749,5739872.133,20220331,0.285325714,-0.01318,0.01398
634064.1315,5739845.641,20220331,0.288057143,-0.01346,0.01426
634059.8658,5739824.573,20220331,0.291688571,-0.01322,0.01394
634051.0518,5739801.696,20220331,0.295128571,-0.01362,0.01442
634037.1389,5739775.558,20220331,0.299151429,-0.01378,0.01458
634019.6965,5739748.384,20220331,0.303057143,-0.01398,0.01486
634000.3416,5739719.3,20220331,0.306714286,-0.01488,0.01582
633977.0626,5739695.118,20220331,0.3107,-0.01452,0.01546
633956.1785,5739676.197,20220331,0.314365714,-0.01558,0.01668
633933.0125,5739660.935,20220331,0.317611429,-0.01516,0.01622
633906.023,5739646.676,20220331,0.32108,-0.01554,0.01666
633879.3805,5739632.251,20220331,0.324291429,-0.01524,0.01634
633850.6572,5739618.3,20220331,0.328311429,-0.016,0.0172
633816.2437,5739610.35,20220331,0.332434286,-0.01526,0.01634
633776.2796,5739608.164,20220331,0.336848571,-0.0149,0.0159
633734.7307,5739609.475,20220331,0.341762857,-0.01538,0.01648
633699.3892,5739610.942,20220331,0.346797143,-0.01496,0.01598
633666.7539,5739618.614,20220331,0.352168571,-0.01554,0.01666
633637.6311,5739628.221,20220331,0.3577,-0.01456,0.01552
633610.1571,5739644.931,20220331,0.362885714,-0.01492,0.01592
633583.549,5739663.697,20220331,0.367625714,-0.01522,0.01626
633557.6656,5739686.006,20220331,0.372377143,-0.01498,0.01602
633533.6339,5739711.702,20220331,0.376354286,-0.01576,0.0169
633516.5555,5739731.101,20220331,0.380742857,-0.0153,0.01632
633500.515,5739750.323,20220331,0.384325714,-0.01658,0.0178
633479.9778,5739770.37,20220331,0.387497143,-0.01564,0.0167
633456.838,5739788.498,20220331,0.391505714,-0.01694,0.01824
633433.27,5739805.849,20220331,0.395331429,-0.0169,0.01816
633408.969,5739819.858,20220331,0.398737143,-0.01588,0.017
633384.5149,5739831.268,20220331,0.402502857,-0.01574,0.01684
633364.8843,5739834.643,20220331,0.405702857,-0.01598,0.0171
633348.7945,5739838.293,20220331,0.409388571,-0.01596,0.01706
633333.2355,5739839.743,20220331,0.412965714,-0.01642,0.01764
633314.576,5739840.916,20220331,0.415388571,-0.01634,0.01754
633295.431,5739843.19,20220331,0.41746,-0.01676,0.01804
633266.7742,5739843.911,20220331,0.41926,-0.0161,0.01728
633231.619,5739846.686,20220331,0.420302857,-0.01558,0.01676
633198.153,5739842.457,20220331,0.420074286,-0.01568,0.0169
633169.7059,5739835.412,20220331,0.418157143,-0.01438,0.01538
633142.6886,5739822.072,20220331,0.415265714,-0.01448,0.0155
633116.6391,5739807.102,20220331,0.411622857,-0.01434,0.01538
633088.5879,5739802.104,20220331,0.406594286,-0.01456,0.01558
633061.9536,5739804.74,20220331,0.401745714,-0.01442,0.01548
633042.6621,5739799.393,20220331,0.39578,-0.01376,0.01472
633025.1905,5739798.934,20220331,0.390051429,-0.01332,0.01428
633008.7853,5739806.113,20220331,0.384448571,-0.01344,0.01432
632991.3242,5739805.644,20220331,0.378908571,-0.01292,0.01378
632974.7101,5739812.065,20220331,0.373574286,-0.01344,0.01436
632955.6133,5739816.572,20220331,0.369554286,-0.01356,0.0145
632933.5197,5739825.818,20220331,0.364988571,-0.01328,0.01416
632914.912,5739838.13,20220331,0.361594286,-0.01428,0.01526
632897.905,5739841.942,20220331,0.358711429,-0.0132,0.01408
632883.8789,5739846.017,20220331,0.356194286,-0.01304,0.0139
632865.4236,5739848.309,20220331,0.353094286,-0.01426,0.0153
632845.3943,5739853.348,20220331,0.348891429,-0.01364,0.01458
632827.101,5739866.774,20220331,0.34378,-0.01268,0.0135
632806.9146,5739882.192,20220331,0.33728,-0.01394,0.01498
632784.7716,5739897.74,20220331,0.329851429,-0.0132,0.0141
632763.241,5739915.915,20220331,0.321642857,-0.01334,0.01424
632743.5128,5739927.25,20220331,0.313145714,-0.01396,0.01496
632722.9815,5739942.294,20220331,0.305357143,-0.0136,0.01458
632704.0118,5739951.249,20220331,0.297902857,-0.01324,0.01414
632687.2518,5739958.784,20220331,0.291448571,-0.0139,0.01494
632671.9659,5739962.837,20220331,0.286737143,-0.01322,0.01414
632655.4339,5739970.182,20220331,0.282871429,-0.01354,0.01446
632644.166,5739974.34,20220331,0.279788571,-0.0145,0.01562
632634.9222,5739971.869,20220331,0.277071429,-0.01354,0.01448
632627.6382,5739964.815,20220331,0.274902857,-0.01482,0.01602
632621.2424,5739963.16,20220331,0.273874286,-0.0137,0.01466
632615.7755,5739965.437,20220331,0.273105714,-0.01398,0.01498
632613.8242,5739965.196,20220331,0.272085714,-0.01354,0.01446
632613.7787,5739962.413,20220331,0.27184,-0.01514,0.01632
632610.6089,5739960.661,20220331,0.271517143,-0.01372,0.01462
632614.0393,5739961.673,20220331,0.271508571,-0.01418,0.01508
632617.0307,5739961.196,20220331,0.271485714,-0.01432,0.01524
632616.8926,5739962.121,20220331,0.271151429,-0.01394,0.01478
632614.7849,5739963.735,20220331,0.270762857,-0.01402,0.01486
632614.0716,5739968.909,20220331,0.270257143,-0.014,0.01482
632612.9602,5739971.845,20220331,0.269568571,-0.0149,0.01584
632611.744,5739974.406,20220331,0.269265714,-0.01492,0.0159
632611.5389,5739977.93,20220331,0.269071429,-0.01502,0.01598
632612.2464,5739977.029,20220331,0.26864,-0.01534,0.01632
632613.723,5739977.62,20220331,0.2686,-0.0149,0.0158
632614.8719,5739982.28,20220331,0.268385714,-0.01682,0.01798
632614.8074,5739988.951,20220331,0.268271429,-0.01638,0.01746
632615.3352,5739995.086,20220331,0.268425714,-0.0165,0.01758
632613.8476,5739999.138,20220331,0.269091429,-0.01752,0.01876
632611.9782,5739995.939,20220331,0.270382857,-0.01882,0.02024
632617.7925,5739993.487,20220331,0.273357143,-0.0189,0.02034
632634.9789,5739987.26,20220331,0.277994286,-0.01976,0.02128
632655.8222,5739968.526,20220331,0.28408,-0.0219,0.0239
632681.6229,5739949.927,20220331,0.291674286,-0.02654,0.03006
632706.0995,5739928.491,20220331,0.29992,-0.02742,0.031
632727.0289,5739915.685,20220331,0.308208571,-0.0276,0.03128
632746.5738,5739902.481,20220331,0.316457143,-0.028,0.0317
632763.6253,5739892.727,20220331,0.32382,-0.02988,0.03486
632778.2113,5739884.773,20220331,0.329682857,-0.0301,0.03508
632791.1081,5739883.823,20220331,0.334494286,-0.03032,0.03534
632801.2263,5739879.637,20220331,0.337974286,-0.02522,0.028
632805.6259,5739874.364,20220331,0.340494286,-0.0237,0.02616
632810.0605,5739871.885,20220331,0.342374286,-0.02396,0.02652
632812.0862,5739869.347,20220331,0.344388571,-0.02116,0.023
632813.2614,5739868.265,20220331,0.34662,-0.02162,0.02356
632819.9084,5739864.546,20220331,0.348377143,-0.0221,0.02416
632829.6359,5739857.943,20220331,0.349954286,-0.0194,0.02094
632840.4779,5739847.843,20220331,0.352054286,-0.02032,0.02204
632853.4822,5739830.187,20220331,0.353788571,-0.0191,0.02066
632861.7933,5739815.941,20220331,0.355708571,-0.01894,0.02048
632870.5263,5739798.74,20220331,0.357302857,-0.01842,0.0199
632883.5525,5739784.437,20220331,0.358474286,-0.01698,0.01822
632891.2996,5739769.797,20220331,0.360831429,-0.01814,0.01964
632898.5261,5739748.842,20220331,0.364388571,-0.0169,0.0182
632910.1502,5739731.17,20220331,0.367448571,-0.0166,0.01782
632918.6287,5739710.426,20220331,0.372882857,-0.01644,0.01768
632920.2697,5739683.208,20220331,0.379065714,-0.01634,0.01756
632922.3348,5739657.107,20220331,0.387145714,-0.015,0.01602
632923.7041,5739636.001,20220331,0.396294286,-0.01548,0.0166
632927.1507,5739610.127,20220331,0.406162857,-0.01358,0.01442
632930.8658,5739582.594,20220331,0.415937143,-0.01322,0.01396
632937.6356,5739557.177,20220331,0.426348571,-0.01304,0.0138
632942.878,5739532.648,20220331,0.435977143,-0.0121,0.01274
632947.606,5739514.782,20220331,0.445694286,-0.00958,0.00998
632946.2673,5739496.016,20220331,0.455008571,-0.00846,0.00876
632947.333,5739473.046,20220331,0.463788571,-0.00778,0.008
632948.4276,5739444.514,20220331,0.471902857,-0.00746,0.0077
632953.1521,5739413.85,20220331,0.47954,-0.00714,0.00736
632956.9494,5739383.348,20220331,0.487011429,-0.00692,0.00716
632960.2893,5739353.017,20220331,0.493685714,-0.00666,0.00686
632964.6788,5739325.872,20220331,0.499562857,-0.00636,0.0065
632970.5633,5739294.495,20220331,0.528720857,-0.00648,0.00664
632973.9744,5739265.839,20220331,0.529406,-0.00554,0.00568
632971.7289,5739246.495,20220331,0.529607857,-0.00518,0.00532
632962.1866,5739224.539,20220331,0.529844714,-0.00526,0.0054
632956.1019,5739206.578,20220331,0.529729571,-0.00526,0.0054
632945.2544,5739186.43,20220331,0.529356714,-0.00528,0.00538
632937.3055,5739164.9,20220331,0.531808571,-0.00524,0.00536
632930.1697,5739138.931,20220331,0.534274143,-0.005,0.00514
632920.1544,5739117.526,20220331,0.536439286,-0.0047,0.00482
632909.3494,5739099.991,20220331,0.507097143,-0.00452,0.0046
632897.86,5739082.067,20220331,0.504014286,-0.00432,0.00442
632885.965,5739062.086,20220331,0.49896,-0.00396,0.00402
632873.5333,5739040.802,20220331,0.493317143,-0.00358,0.00364
632858.4119,5739020.928,20220331,0.487657143,-0.00322,0.00326
632846.0518,5739001.308,20220331,0.479862857,-0.00284,0.00286
632836.2891,5738983.245,20220331,0.471242857,-0.0026,0.0026
632827.0649,5738966.686,20220331,0.462705714,-0.00246,0.00248
632818.142,5738951.8,20220331,0.453965714,-0.0024,0.0024
632809.0758,5738938.209,20220331,0.446711429,-0.00236,0.0024
632800.3883,5738922.952,20220331,0.439642857,-0.00238,0.00242
632792.7584,5738906.799,20220331,0.432417143,-0.0024,0.0024
632789.9068,5738893.183,20220331,0.426634286,-0.00236,0.00242
632788.0087,5738877.556,20220331,0.420634286,-0.0024,0.00242
632783.8574,5738860.755,20220331,0.415177143,-0.00242,0.00246
632778.8762,5738844.671,20220331,0.4108,-0.00234,0.0024
632781.004,5738825.067,20220331,0.40664,-0.00232,0.00238
632786.05,5738812.597,20220331,0.403248571,-0.00238,0.00242
632790.4805,5738805.845,20220331,0.399842857,-0.00238,0.00244
632792.0494,5738798.845,20220331,0.397014286,-0.0024,0.00246
632794.9984,5738791.863,20220331,0.394288571,-0.00244,0.0025
632795.9216,5738782.805,20220331,0.39054,-0.00246,0.00252
632797.5282,5738765.411,20220331,0.385891429,-0.00248,0.00252
632798.3197,5738744.481,20220331,0.379677143,-0.00244,0.0025
632797.9359,5738715.158,20220331,0.371854286,-0.00244,0.00248
632796.6324,5738681.924,20220331,0.36424,-0.00244,0.0025
632794.5701,5738651.081,20220331,0.356554286,-0.00244,0.00246
632794.4544,5738616.216,20220331,0.348197143,-0.00244,0.00248
632795.5468,5738583.601,20220331,0.341142857,-0.00244,0.00248
632792.8079,5738552.18,20220331,0.334108571,-0.00246,0.00248
632788.3109,5738522.387,20220331,0.328665714,-0.00246,0.0025
632776.4238,5738497.593,20220331,0.324074286,-0.00248,0.0025
632761.7954,5738476.439,20220331,0.319962857,-0.00262,0.00262
632748.1664,5738452.154,20220331,0.316251429,-0.0027,0.00272
632734.6039,5738426.01,20220331,0.313391429,-0.00288,0.00288
632720.1569,5738406.524,20220331,0.31066,-0.00312,0.00318
632706.4447,5738389.85,20220331,0.308677143,-0.0033,0.00336
632691.77,5738375.168,20220331,0.306722857,-0.0036,0.00368
632674.2287,5738359.877,20220331,0.305165714,-0.00412,0.00418
632654.8872,5738342.861,20220331,0.303897143,-0.00444,0.00454
632629.3513,5738329.753,20220331,0.302857143,-0.00504,0.00514
632606.2388,5738316.354,20220331,0.301845714,-0.00542,0.00554
632581.9256,5738309.029,20220331,0.301025714,-0.0066,0.00678
632559.6801,5738306.413,20220331,0.300468571,-0.00632,0.00648
632541.0678,5738301.094,20220331,0.299588571,-0.00684,0.00702
632522.2918,5738297.81,20220331,0.29912,-0.00702,0.00722
632499.8369,5738294.444,20220331,0.29834,-0.00708,0.0073
632469.6587,5738287.158,20220331,0.297377143,-0.00772,0.00798
632433.8639,5738278.981,20220331,0.29654,-0.00814,0.0084
632405.4402,5738275.259,20220331,0.295625714,-0.00898,0.0093
632377.5398,5738268.787,20220331,0.294817143,-0.00982,0.01022
632350.5319,5738263.243,20220331,0.294442857,-0.01322,0.01394
632324.1637,5738260.146,20220331,0.294077143,-0.01344,0.01418
632291.2012,5738253.897,20220331,0.294302857,-0.01508,0.016
632248.544,5738239.603,20220331,0.294897143,-0.01516,0.0161
632201.411,5738225.386,20220331,0.295957143,-0.01572,0.01668
632159.0276,5738201.278,20220331,0.297834286,-0.01766,0.01888
632115.8698,5738166.572,20220331,0.300531429,-0.01728,0.0184
632078.9096,5738124.236,20220331,0.304305714,-0.0189,0.0203
632045.1015,5738079.949,20220331,0.308991429,-0.01766,0.01886
632010.203,5738033.226,20220331,0.314511429,-0.01964,0.02112
631974.7555,5737985.74,20220331,0.3206,-0.01786,0.0191
631938.1968,5737936.567,20220331,0.327245714,-0.01948,0.021
631900.7499,5737885.876,20220331,0.334091429,-0.0184,0.01982
631861.6837,5737831.257,20220331,0.340771429,-0.01732,0.0185
631822.0277,5737777.354,20220331,0.347217143,-0.01752,0.01876
631780.4191,5737727.863,20220331,0.353302857,-0.01826,0.01964
631739.5951,5737678.755,20220331,0.359342857,-0.01804,0.01938
631700.9117,5737631.366,20220331,0.364802857,-0.0173,0.01856
631667.1313,5737590.052,20220331,0.369682857,-0.01694,0.01814
631641.4451,5737551.913,20220331,0.373565714,-0.01572,0.01674
631621.6459,5737517.088,20220331,0.377008571,-0.01654,0.01772
631604.6309,5737485.849,20220331,0.379534286,-0.01648,0.01764
631591.766,5737454.181,20220331,0.381488571,-0.01558,0.01664
631580.4983,5737423.09,20220331,0.382168571,-0.0166,0.01782
631568.4408,5737391.255,20220331,0.382497143,-0.0151,0.01612
631560.4885,5737356.918,20220331,0.382325714,-0.016,0.01718
631552.9626,5737327.781,20220331,0.382097143,-0.01486,0.01586
631545.4054,5737300.134,20220331,0.38136,-0.01562,0.01672
631538.0349,5737273.785,20220331,0.380557143,-0.01416,0.01506
631532.0743,5737242.111,20220331,0.379145714,-0.01536,0.01646
631522.0273,5737212.721,20220331,0.37796,-0.01406,0.01496
631508.8327,5737184.932,20220331,0.376557143,-0.01472,0.01572
631492.693,5737159.653,20220331,0.374782857,-0.01382,0.01468
631477.3646,5737134.598,20220331,0.373028571,-0.01438,0.01538
631457.4291,5737113.295,20220331,0.370871429,-0.01362,0.01446
631433.7149,5737091.907,20220331,0.368945714,-0.01468,0.01572
631407.444,5737071.374,20220331,0.366694286,-0.01312,0.01396
631379.8242,5737053.958,20220331,0.364525714,-0.01406,0.01502
631354.2472,5737037.716,20220331,0.362091429,-0.01428,0.01528
631327.4238,5737024.775,20220331,0.359854286,-0.01388,0.01484
631300.2555,5737012.191,20220331,0.357168571,-0.01374,0.0147
631273.6106,5736996.856,20220331,0.354468571,-0.01326,0.01418
631245.4439,5736982.759,20220331,0.351528571,-0.01354,0.01448
631217.4097,5736968.117,20220331,0.349011429,-0.013,0.01386
631192.7777,5736955.416,20220331,0.345985714,-0.0134,0.01432
631169.6474,5736942.207,20220331,0.343428571,-0.01394,0.01496
631147.8848,5736924.942,20220331,0.340445714,-0.01262,0.01342
631123.9043,5736909.296,20220331,0.337894286,-0.0136,0.01458
631102.1004,5736893.52,20220331,0.335522857,-0.01234,0.01314
631081.3102,5736878.887,20220331,0.333022857,-0.01416,0.01522
631062.3387,5736865.038,20220331,0.330477143,-0.01304,0.0139
631042.7844,5736851.736,20220331,0.328291429,-0.01346,0.01436
631022.781,5736837.675,20220331,0.325682857,-0.01436,0.01542
630999.2787,5736821.109,20220331,0.323582857,-0.015,0.01616
630972.0397,5736802.217,20220331,0.322045714,-0.0142,0.01526
630937.7816,5736779.074,20220331,0.320934286,-0.01312,0.014
630896.6123,5736751.485,20220331,0.320265714,-0.01274,0.01358
630854.3221,5736722.929,20220331,0.320105714,-0.01288,0.01378
630812.6087,5736694.216,20220331,0.320191429,-0.0128,0.0137
630770.4741,5736663.825,20220331,0.320777143,-0.01306,0.014
630727.3311,5736632.653,20220331,0.321882857,-0.0122,0.013
630679.8812,5736603.044,20220331,0.322622857,-0.01222,0.01302
630629.9397,5736580.977,20220331,0.323385714,-0.01272,0.0136
630578.2814,5736562.941,20220331,0.324428571,-0.01214,0.01294
630526.5938,5736550.478,20220331,0.325565714,-0.01152,0.01226
630477.4194,5736543.081,20220331,0.32786,-0.01162,0.0124
630427.8165,5736530.294,20220331,0.33088,-0.0114,0.01214
630379.9309,5736530.724,20220331,0.33418,-0.0115,0.01224
630334.2497,5736530.835,20220331,0.337977143,-0.01082,0.01142
630287.8339,5736523.512,20220331,0.341988571,-0.0105,0.01112
630238.8056,5736510.378,20220331,0.344276667,-0.01004,0.0106
630190.6751,5736489.286,20220331,0.347108,-0.00962,0.01014
630141.2685,5736459.817,20220331,0.34924,-0.00928,0.00974
633742.2079,5741065.818,20220401,0.303929167,-0.036466667,0.041433333
633694.9659,5741026.54,20220401,0.306886667,-0.02745,0.030233333
633652.0085,5740981.625,20220401,0.309211111,-0.022716667,0.0246
633613.7622,5740928.489,20220401,0.310952381,-0.020083333,0.021566667
633582.4129,5740874.797,20220401,0.314461905,-0.018833333,0.0201
633561.7738,5740821.015,20220401,0.31832381,-0.0173,0.018383333
633549.4188,5740766.524,20220401,0.321588095,-0.016666667,0.017683333
633546.4705,5740713.221,20220401,0.323809524,-0.016766667,0.0178
633551.2314,5740659.565,20220401,0.325519048,-0.017083333,0.018166667
633564.4115,5740604.834,20220401,0.327435714,-0.01635,0.017333333
633585.2617,5740556.043,20220401,0.329354762,-0.0152,0.016116667
633604.8646,5740510.572,20220401,0.331364286,-0.014483333,0.015366667
633623.331,5740464.515,20220401,0.3335,-0.0139,0.014766667
633645.6217,5740417.434,20220401,0.33607381,-0.014333333,0.01525
633668.2087,5740368.504,20220401,0.338359405,-0.014816667,0.015816667
633698.4458,5740320.899,20220401,0.345214286,-0.015366667,0.016416667
633738.0597,5740271.32,20220401,0.343218119,-0.016166667,0.017366667
633796.6934,5740237.092,20220401,0.346278,-0.018216667,0.01965
633861.9939,5740203.038,20220401,0.351175143,-0.019016667,0.020516667
633925.6522,5740170.228,20220401,0.355356095,-0.019166667,0.020566667
633975.6553,5740132.243,20220401,0.360907524,-0.020066667,0.021616667
634011.4138,5740089.058,20220401,0.363839429,-0.020983333,0.02265
634032.4444,5740046.578,20220401,0.366251429,-0.019533333,0.020933333
634048.5801,5740006.578,20220401,0.368140381,-0.020916667,0.0226
634058.8253,5739966.986,20220401,0.369468381,-0.021066667,0.022766667
634064.8991,5739929.313,20220401,0.370776286,-0.019816667,0.02125
634068.824,5739902.518,20220401,0.372233714,-0.020683333,0.0223
634069.8749,5739872.133,20220401,0.371706381,-0.0203,0.021833333
634064.1315,5739845.641,20220401,0.373197143,-0.0205,0.02205
634059.8658,5739824.573,20220401,0.374708095,-0.020283333,0.0218
634051.0518,5739801.696,20220401,0.376505429,-0.02055,0.0221
634037.1389,5739775.558,20220401,0.378516476,-0.0211,0.022716667
634019.6965,5739748.384,20220401,0.380377333,-0.0209,0.022516667
634000.3416,5739719.3,20220401,0.382150762,-0.022066667,0.023833333
633977.0626,5739695.118,20220401,0.383754762,-0.0221,0.023883333
633956.1785,5739676.197,20220401,0.384942095,-0.0229,0.0248
633933.0125,5739660.935,20220401,0.38591581,-0.021816667,0.023466667
633906.023,5739646.676,20220401,0.386542571,-0.024066667,0.0261
633879.3805,5739632.251,20220401,0.386842476,-0.0229,0.024633333
633850.6572,5739618.3,20220401,0.388642429,-0.025083333,0.0272
633816.2437,5739610.35,20220401,0.390551143,-0.024416667,0.026333333
633776.2796,5739608.164,20220401,0.392387595,-0.026483333,0.028783333
633734.7307,5739609.475,20220401,0.3944735,-0.026216667,0.028433333
633699.3892,5739610.942,20220401,0.396737595,-0.026966667,0.02925
633666.7539,5739618.614,20220401,0.399213595,-0.0276,0.030016667
633637.6311,5739628.221,20220401,0.40210581,-0.028033333,0.0305
633610.1571,5739644.931,20220401,0.40389,-0.029766667,0.032616667
633583.549,5739663.697,20220401,0.405795143,-0.028916667,0.031533333
633557.6656,5739686.006,20220401,0.408230333,-0.031483333,0.034633333
633533.6339,5739711.702,20220401,0.410651881,-0.0309,0.03395
633516.5555,5739731.101,20220401,0.4135105,-0.033016667,0.036433333
633500.515,5739750.323,20220401,0.416277643,-0.0322,0.035483333
633479.9778,5739770.37,20220401,0.419071357,-0.0346,0.03835
633456.838,5739788.498,20220401,0.421897024,-0.03515,0.039
633433.27,5739805.849,20220401,0.424563786,-0.035583333,0.039516667
633408.969,5739819.858,20220401,0.426817857,-0.03865,0.0434
633384.5149,5739831.268,20220401,0.429121405,-0.039433333,0.044383333
633364.8843,5739834.643,20220401,0.430960524,-0.039816667,0.044966667
633348.7945,5739838.293,20220401,0.432875833,-0.037333333,0.041916667
633333.2355,5739839.743,20220401,0.434504667,-0.036183333,0.040583333
633314.576,5739840.916,20220401,0.435923976,-0.035466667,0.03975
633295.431,5739843.19,20220401,0.437196667,-0.0346,0.038716667
633266.7742,5739843.911,20220401,0.438597595,-0.0324,0.036016667
633231.619,5739846.686,20220401,0.439539214,-0.032916667,0.036666667
633198.153,5739842.457,20220401,0.440278143,-0.031166667,0.034583333
633169.7059,5739835.412,20220401,0.441073643,-0.031816667,0.035416667
633142.6886,5739822.072,20220401,0.441519714,-0.030733333,0.034066667
633116.6391,5739807.102,20220401,0.442143643,-0.0306,0.033883333
633088.5879,5739802.104,20220401,0.442581262,-0.030066667,0.03325
633061.9536,5739804.74,20220401,0.442710976,-0.030033333,0.033366667
633042.6621,5739799.393,20220401,0.443514548,-0.032533333,0.0364
633025.1905,5739798.934,20220401,0.444348214,-0.029966667,0.033266667
633008.7853,5739806.113,20220401,0.445245643,-0.03135,0.034916667
632991.3242,5739805.644,20220401,0.44628981,-0.03095,0.034533333
632974.7101,5739812.065,20220401,0.446385381,-0.031616667,0.035216667
632955.6133,5739816.572,20220401,0.446276905,-0.032583333,0.036566667
632933.5197,5739825.818,20220401,0.446017214,-0.03105,0.034516667
632914.912,5739838.13,20220401,0.445222595,-0.031916667,0.035716667
632897.905,5739841.942,20220401,0.443611714,-0.030116667,0.033483333
632883.8789,5739846.017,20220401,0.44111469,-0.030716667,0.034116667
632865.4236,5739848.309,20220401,0.437939762,-0.031316667,0.034916667
632845.3943,5739853.348,20220401,0.434106667,-0.030916667,0.03445
632827.101,5739866.774,20220401,0.429771071,-0.0312,0.034733333
632806.9146,5739882.192,20220401,0.424919119,-0.030683333,0.034066667
632784.7716,5739897.74,20220401,0.419079548,-0.029383333,0.032516667
632763.241,5739915.915,20220401,0.413068881,-0.029733333,0.0329
632743.5128,5739927.25,20220401,0.406911905,-0.028783333,0.031816667
632722.9815,5739942.294,20220401,0.400960524,-0.0287,0.031733333
632704.0118,5739951.249,20220401,0.395538881,-0.028516667,0.031483333
632687.2518,5739958.784,20220401,0.390271167,-0.028616667,0.0316
632671.9659,5739962.837,20220401,0.385738619,-0.027983333,0.030866667
632655.4339,5739970.182,20220401,0.381985762,-0.027566667,0.030283333
632644.166,5739974.34,20220401,0.378988905,-0.02845,0.031433333
632634.9222,5739971.869,20220401,0.376510119,-0.02755,0.0303
632627.6382,5739964.815,20220401,0.374592643,-0.026216667,0.028666667
632621.2424,5739963.16,20220401,0.37325219,-0.026633333,0.029216667
632615.7755,5739965.437,20220401,0.372466024,-0.026333333,0.028816667
632613.8242,5739965.196,20220401,0.371922952,-0.026083333,0.028516667
632613.7787,5739962.413,20220401,0.371884452,-0.026316667,0.0288
632610.6089,5739960.661,20220401,0.371960429,-0.027366667,0.03
632614.0393,5739961.673,20220401,0.372029333,-0.0273,0.029816667
632617.0307,5739961.196,20220401,0.37197281,-0.0277,0.030333333
632616.8926,5739962.121,20220401,0.371625714,-0.027416667,0.029933333
632614.7849,5739963.735,20220401,0.371548381,-0.027433333,0.029966667
632614.0716,5739968.909,20220401,0.371275548,-0.0279,0.0305
632612.9602,5739971.845,20220401,0.37074031,-0.027266667,0.02975
632611.744,5739974.406,20220401,0.37027581,-0.02855,0.03125
632611.5389,5739977.93,20220401,0.369934786,-0.0281,0.030683333
632612.2464,5739977.029,20220401,0.36967831,-0.030666667,0.033783333
632613.723,5739977.62,20220401,0.369638905,-0.02875,0.03145
632614.8719,5739982.28,20220401,0.369439071,-0.029516667,0.03235
632614.8074,5739988.951,20220401,0.369191476,-0.03025,0.033216667
632615.3352,5739995.086,20220401,0.369183167,-0.029566667,0.0324
632613.8476,5739999.138,20220401,0.369767095,-0.03115,0.03425
632611.9782,5739995.939,20220401,0.371449024,-0.030033333,0.032916667
632617.7925,5739993.487,20220401,0.374259738,-0.030566667,0.033533333
632634.9789,5739987.26,20220401,0.378404929,-0.031016667,0.034083333
632655.8222,5739968.526,20220401,0.383545595,-0.03175,0.034883333
632681.6229,5739949.927,20220401,0.389774738,-0.032066667,0.035233333
632706.0995,5739928.491,20220401,0.396553881,-0.033816667,0.037416667
632727.0289,5739915.685,20220401,0.403022667,-0.033683333,0.03725
632746.5738,5739902.481,20220401,0.409024667,-0.0326,0.035916667
632763.6253,5739892.727,20220401,0.414155524,-0.034633333,0.03845
632778.2113,5739884.773,20220401,0.418339738,-0.034083333,0.037816667
632791.1081,5739883.823,20220401,0.421803024,-0.033333333,0.036766667
632801.2263,5739879.637,20220401,0.424338143,-0.033316667,0.036866667
632805.6259,5739874.364,20220401,0.426131667,-0.032783333,0.036233333
632810.0605,5739871.885,20220401,0.427823929,-0.033066667,0.03645
632812.0862,5739869.347,20220401,0.429354119,-0.033,0.03645
632813.2614,5739868.265,20220401,0.431071262,-0.032533333,0.03595
632819.9084,5739864.546,20220401,0.433104214,-0.030716667,0.0336
632829.6359,5739857.943,20220401,0.435337595,-0.030566667,0.033383333
632840.4779,5739847.843,20220401,0.437727738,-0.0292,0.031733333
632853.4822,5739830.187,20220401,0.440655786,-0.02925,0.0318
632861.7933,5739815.941,20220401,0.443646095,-0.027566667,0.029816667
632870.5263,5739798.74,20220401,0.447270524,-0.028316667,0.030683333
632883.5525,5739784.437,20220401,0.451288738,-0.027316667,0.029533333
632891.2996,5739769.797,20220401,0.456222048,-0.027366667,0.0296
632898.5261,5739748.842,20220401,0.463536714,-0.02705,0.02925
632910.1502,5739731.17,20220401,0.472128429,-0.026183333,0.028266667
632918.6287,5739710.426,20220401,0.482567071,-0.026083333,0.028133333
632920.2697,5739683.208,20220401,0.494462,-0.026683333,0.028883333
632922.3348,5739657.107,20220401,0.514725238,-0.02605,0.028083333
632923.7041,5739636.001,20220401,0.512902857,-0.025916667,0.027933333
632927.1507,5739610.127,20220401,0.51066,-0.0231,0.024766667
632930.8658,5739582.594,20220401,0.50570381,-0.023416667,0.025133333
632937.6356,5739557.177,20220401,0.500133333,-0.021233333,0.022716667
632942.878,5739532.648,20220401,0.492020952,-0.02015,0.021483333
632947.606,5739514.782,20220401,0.484174286,-0.0151,0.015866667
632946.2673,5739496.016,20220401,0.487925714,-0.014066667,0.014716667
632947.333,5739473.046,20220401,0.491417143,-0.012433333,0.01295
632948.4276,5739444.514,20220401,0.494311429,-0.012,0.0125
632953.1521,5739413.85,20220401,0.49712,-0.01175,0.012183333
632956.9494,5739383.348,20220401,0.499017143,-0.011266667,0.0117
632960.2893,5739353.017,20220401,0.501434286,-0.010633333,0.010983333
632964.6788,5739325.872,20220401,0.502971429,-0.010466667,0.0108
632970.5633,5739294.495,20220401,0.504071429,-0.01,0.010333333
632973.9744,5739265.839,20220401,0.504577143,-0.009933333,0.01025
632971.7289,5739246.495,20220401,0.50524,-0.009733333,0.0101
632962.1866,5739224.539,20220401,0.505645714,-0.009366667,0.009683333
632956.1019,5739206.578,20220401,0.50642,-0.009366667,0.009666667
632945.2544,5739186.43,20220401,0.506837143,-0.009233333,0.009516667
632937.3055,5739164.9,20220401,0.518958571,-0.009133333,0.0094
632930.1697,5739138.931,20220401,0.531148571,-0.008983333,0.00925
632920.1544,5739117.526,20220401,0.542757143,-0.008866667,0.00915
632909.3494,5739099.991,20220401,0.553764286,-0.0086,0.00885
632897.86,5739082.067,20220401,0.564160952,-0.008266667,0.008466667
632885.965,5739062.086,20220401,0.5516995,-0.007483333,0.007683333
632873.5333,5739040.802,20220401,0.551368762,-0.00685,0.007016667
632858.4119,5739020.928,20220401,0.546210071,-0.006416667,0.006533333
632846.0518,5739001.308,20220401,0.541172286,-0.005716667,0.005816667
632836.2891,5738983.245,20220401,0.53563531,-0.005316667,0.0054
632827.0649,5738966.686,20220401,0.529709952,-0.005016667,0.005083333
632818.142,5738951.8,20220401,0.523348738,-0.0048,0.004883333
632809.0758,5738938.209,20220401,0.517828667,-0.004833333,0.00495
632800.3883,5738922.952,20220401,0.513622286,-0.004833333,0.00495
632792.7584,5738906.799,20220401,0.508718286,-0.004833333,0.004933333
632789.9068,5738893.183,20220401,0.50345581,-0.004766667,0.004883333
632788.0087,5738877.556,20220401,0.499054762,-0.00485,0.004933333
632783.8574,5738860.755,20220401,0.495785905,-0.004866667,0.00495
632778.8762,5738844.671,20220401,0.492878571,-0.004833333,0.004916667
632781.004,5738825.067,20220401,0.489948095,-0.0048,0.004883333
632786.05,5738812.597,20220401,0.487175905,-0.004866667,0.00495
632790.4805,5738805.845,20220401,0.485334952,-0.00485,0.004933333
632792.0494,5738798.845,20220401,0.483154,-0.004916667,0.005016667
632794.9984,5738791.863,20220401,0.481232476,-0.004916667,0.005016667
632795.9216,5738782.805,20220401,0.478617714,-0.005016667,0.005133333
632797.5282,5738765.411,20220401,0.475640762,-0.005016667,0.005116667
632798.3197,5738744.481,20220401,0.47169981,-0.004916667,0.005
632797.9359,5738715.158,20220401,0.46840581,-0.004883333,0.004966667
632796.6324,5738681.924,20220401,0.464609929,-0.004916667,0.005033333
632794.5701,5738651.081,20220401,0.460715952,-0.004916667,0.00505
632794.4544,5738616.216,20220401,0.456899571,-0.0049,0.004983333
632795.5468,5738583.601,20220401,0.453312452,-0.00495,0.00505
632792.8079,5738552.18,20220401,0.450360571,-0.00495,0.005066667
632788.3109,5738522.387,20220401,0.447862571,-0.005033333,0.00515
632776.4238,5738497.593,20220401,0.445009405,-0.0051,0.005216667
632761.7954,5738476.439,20220401,0.442531976,-0.00535,0.005433333
632748.1664,5738452.154,20220401,0.440677643,-0.00555,0.005666667
632734.6039,5738426.01,20220401,0.438845667,-0.0057,0.005816667
632720.1569,5738406.524,20220401,0.437116214,-0.006116667,0.006233333
632706.4447,5738389.85,20220401,0.435451548,-0.00645,0.006616667
632691.77,5738375.168,20220401,0.433829619,-0.00725,0.007416667
632674.2287,5738359.877,20220401,0.432317857,-0.0078,0.008016667
632654.8872,5738342.861,20220401,0.430897667,-0.008316667,0.008566667
632629.3513,5738329.753,20220401,0.429367048,-0.009116667,0.009416667
632606.2388,5738316.354,20220401,0.427929071,-0.009633333,0.009983333
632581.9256,5738309.029,20220401,0.426890167,-0.009933333,0.010283333
632559.6801,5738306.413,20220401,0.425701738,-0.01055,0.01095
632541.0678,5738301.094,20220401,0.425080476,-0.01085,0.011216667
632522.2918,5738297.81,20220401,0.424236524,-0.011316667,0.011716667
632499.8369,5738294.444,20220401,0.423881548,-0.01185,0.012333333
632469.6587,5738287.158,20220401,0.423996714,-0.0123,0.012816667
632433.8639,5738278.981,20220401,0.424217833,-0.013216667,0.0138
632405.4402,5738275.259,20220401,0.424783214,-0.01455,0.015266667
632377.5398,5738268.787,20220401,0.425733619,-0.016016667,0.016866667
632350.5319,5738263.243,20220401,0.426813524,-0.02045,0.0219
632324.1637,5738260.146,20220401,0.428398857,-0.021833333,0.023516667
632291.2012,5738253.897,20220401,0.43008019,-0.022466667,0.024233333
632248.544,5738239.603,20220401,0.431800476,-0.023533333,0.025466667
632201.411,5738225.386,20220401,0.43375981,-0.02485,0.0271
632159.0276,5738201.278,20220401,0.435688262,-0.024933333,0.02715
632115.8698,5738166.572,20220401,0.438028357,-0.026033333,0.028433333
632078.9096,5738124.236,20220401,0.440654143,-0.026966667,0.0296
632045.1015,5738079.949,20220401,0.443556262,-0.027433333,0.030116667
632010.203,5738033.226,20220401,0.447356,-0.026516667,0.029066667
631974.7555,5737985.74,20220401,0.452536905,-0.026616667,0.02915
631938.1968,5737936.567,20220401,0.45971819,-0.02485,0.027116667
631900.7499,5737885.876,20220401,0.469285071,-0.025566667,0.027933333
631861.6837,5737831.257,20220401,0.480824333,-0.02555,0.027966667
631822.0277,5737777.354,20220401,0.493349595,-0.025983333,0.028466667
631780.4191,5737727.863,20220401,0.506239262,-0.02465,0.0269
631739.5951,5737678.755,20220401,0.518397143,-0.024666667,0.0269
631700.9117,5737631.366,20220401,0.529100762,-0.02505,0.027416667
631667.1313,5737590.052,20220401,0.537771071,-0.023866667,0.025983333
631641.4451,5737551.913,20220401,0.54400919,-0.023416667,0.02545
631621.6459,5737517.088,20220401,0.54750219,-0.0236,0.025716667
631604.6309,5737485.849,20220401,0.549258643,-0.023983333,0.026166667
631591.766,5737454.181,20220401,0.573166667,-0.02315,0.0252
631580.4983,5737423.09,20220401,0.569895238,-0.023183333,0.0252
631568.4408,5737391.255,20220401,0.566583333,-0.022633333,0.02455
631560.4885,5737356.918,20220401,0.564114286,-0.023083333,0.025133333
631552.9626,5737327.781,20220401,0.560833333,-0.02335,0.025466667
631545.4054,5737300.134,20220401,0.557359524,-0.02445,0.0268
631538.0349,5737273.785,20220401,0.553240476,-0.02465,0.026983333
631532.0743,5737242.111,20220401,0.54822619,-0.025,0.027416667
631522.0273,5737212.721,20220401,0.541830952,-0.0247,0.02705
631508.8327,5737184.932,20220401,0.535238095,-0.026766667,0.029566667
631492.693,5737159.653,20220401,0.527135714,-0.0263,0.028966667
631477.3646,5737134.598,20220401,0.518542857,-0.027133333,0.030016667
631457.4291,5737113.295,20220401,0.510709524,-0.026283333,0.02895
631433.7149,5737091.907,20220401,0.50167381,-0.02825,0.031333333
631407.444,5737071.374,20220401,0.49402381,-0.02565,0.0282
631379.8242,5737053.958,20220401,0.486707143,-0.025916667,0.02855
631354.2472,5737037.716,20220401,0.480342857,-0.02715,0.030133333
631327.4238,5737024.775,20220401,0.475085714,-0.025633333,0.0282
631300.2555,5737012.191,20220401,0.471292857,-0.026416667,0.029283333
631273.6106,5736996.856,20220401,0.474123452,-0.024833333,0.027316667
631245.4439,5736982.759,20220401,0.470117476,-0.0255,0.02825
631217.4097,5736968.117,20220401,0.465893381,-0.0235,0.0258
631192.7777,5736955.416,20220401,0.462232357,-0.02395,0.026266667
631169.6474,5736942.207,20220401,0.458817476,-0.024133333,0.02665
631147.8848,5736924.942,20220401,0.456025786,-0.023183333,0.025433333
631123.9043,5736909.296,20220401,0.453952024,-0.024916667,0.0276
631102.1004,5736893.52,20220401,0.452415857,-0.022483333,0.024633333
631081.3102,5736878.887,20220401,0.451277714,-0.0233,0.025683333
631062.3387,5736865.038,20220401,0.450557786,-0.0219,0.023933333
631042.7844,5736851.736,20220401,0.449842548,-0.023133333,0.025466667
631022.781,5736837.675,20220401,0.449126452,-0.022316667,0.0245
630999.2787,5736821.109,20220401,0.447850929,-0.0219,0.024
630972.0397,5736802.217,20220401,0.44623469,-0.021216667,0.0232
630937.7816,5736779.074,20220401,0.44448719,-0.020133333,0.021916667
630896.6123,5736751.485,20220401,0.442034786,-0.0196,0.021316667
630854.3221,5736722.929,20220401,0.439063881,-0.018683333,0.020266667
630812.6087,5736694.216,20220401,0.43621831,-0.01815,0.019633333
630770.4741,5736663.825,20220401,0.43363931,-0.0181,0.0196
630727.3311,5736632.653,20220401,0.432024143,-0.020383333,0.022316667
630679.8812,5736603.044,20220401,0.431330119,-0.019716667,0.021533333
630629.9397,5736580.977,20220401,0.431436786,-0.017666667,0.0191
630578.2814,5736562.941,20220401,0.432577857,-0.01805,0.019583333
630526.5938,5736550.478,20220401,0.435296952,-0.018816667,0.020483333
630477.4194,5736543.081,20220401,0.439112714,-0.018616667,0.020266667
630427.8165,5736530.294,20220401,0.444404214,-0.01635,0.017566667
630379.9309,5736530.724,20220401,0.450605857,-0.0162,0.017416667
630334.2497,5736530.835,20220401,0.456761667,-0.017,0.0184
630287.8339,5736523.512,20220401,0.4621,-0.0167,0.01805
630238.8056,5736510.378,20220401,0.464269444,-0.015466667,0.016616667
630190.6751,5736489.286,20220401,0.466476667,-0.0145,0.015533333
630141.2685,5736459.817,20220401,0.468758333,-0.013283333,0.014183333
